/*
 * Copyright (c) Arduino s.r.l. and/or its affiliated companies
 *
 * SPDX-License-Identifier: Apache-2.0
 */

static const unsigned char usbanimation_raw[] = {
	0x06, 0x05, 0x0a, 0x11, 0x11, 0x05, 0x06, 0x06, 0x06, 0x06, 0x06, 0x06, 0x06, 0x04, 0x04, 0x0a,
	0x13, 0x0f, 0x04, 0x04, 0x04, 0x04, 0x04, 0x04, 0x04, 0x04, 0x04, 0x02, 0x0a, 0x16, 0x09, 0x02,
	0x04, 0x04, 0x04, 0x04, 0x04, 0x04, 0x04, 0x04, 0x03, 0x09, 0x14, 0x0a, 0x02, 0x04, 0x04, 0x04,
	0x04, 0x04, 0x04, 0x04, 0x04, 0x03, 0x08, 0x13, 0x09, 0x03, 0x04, 0x04, 0x04, 0x04, 0x04, 0x04,
	0x04, 0x04, 0x03, 0x07, 0x0d, 0x0a, 0x03, 0x04, 0x04, 0x04, 0x04, 0x04, 0x04, 0x04, 0x05, 0x04,
	0x0c, 0x15, 0x0a, 0x04, 0x05, 0x05, 0x05, 0x05, 0x05, 0x05, 0x05, 0x05, 0x04, 0x08, 0x13, 0x0f,
	0x04, 0x05, 0x05, 0x05, 0x05, 0x05, 0x05, 0x05, 0x06, 0x05, 0x0a, 0x11, 0x11, 0x05, 0x06, 0x06,
	0x06, 0x06, 0x06, 0x06, 0x06, 0x04, 0x04, 0x0a, 0x13, 0x0f, 0x04, 0x04, 0x04, 0x04, 0x04, 0x04,
	0x04, 0x04, 0x04, 0x02, 0x0a, 0x16, 0x09, 0x02, 0x04, 0x04, 0x04, 0x04, 0x04, 0x04, 0x04, 0x04,
	0x03, 0x09, 0x14, 0x0a, 0x02, 0x04, 0x04, 0x04, 0x04, 0x04, 0x04, 0x04, 0x04, 0x03, 0x08, 0x13,
	0x09, 0x03, 0x04, 0x04, 0x04, 0x04, 0x04, 0x04, 0x04, 0x04, 0x03, 0x07, 0x0d, 0x0a, 0x03, 0x04,
	0x04, 0x04, 0x04, 0x04, 0x04, 0x04, 0x05, 0x04, 0x0c, 0x15, 0x0a, 0x04, 0x05, 0x05, 0x05, 0x05,
	0x05, 0x05, 0x05, 0x05, 0x04, 0x08, 0x13, 0x0f, 0x04, 0x05, 0x05, 0x05, 0x05, 0x05, 0x05, 0x05,
	0x06, 0x05, 0x0a, 0x11, 0x11, 0x05, 0x06, 0x06, 0x06, 0x06, 0x06, 0x06, 0x06, 0x04, 0x04, 0x0a,
	0x13, 0x0f, 0x04, 0x04, 0x04, 0x04, 0x04, 0x04, 0x04, 0x04, 0x04, 0x02, 0x0a, 0x16, 0x09, 0x02,
	0x04, 0x04, 0x04, 0x04, 0x04, 0x04, 0x04, 0x04, 0x03, 0x09, 0x14, 0x0a, 0x02, 0x04, 0x04, 0x04,
	0x04, 0x04, 0x04, 0x04, 0x04, 0x03, 0x08, 0x13, 0x09, 0x03, 0x04, 0x04, 0x04, 0x04, 0x04, 0x04,
	0x04, 0x04, 0x03, 0x07, 0x0d, 0x0a, 0x03, 0x04, 0x04, 0x04, 0x04, 0x04, 0x04, 0x04, 0x05, 0x04,
	0x0c, 0x15, 0x0a, 0x04, 0x05, 0x05, 0x05, 0x05, 0x05, 0x05, 0x05, 0x05, 0x04, 0x08, 0x13, 0x0f,
	0x04, 0x05, 0x05, 0x05, 0x05, 0x05, 0x05, 0x05, 0x06, 0x05, 0x0a, 0x11, 0x11, 0x05, 0x06, 0x06,
	0x06, 0x06, 0x06, 0x06, 0x06, 0x04, 0x04, 0x0a, 0x13, 0x0f, 0x04, 0x04, 0x04, 0x04, 0x04, 0x04,
	0x04, 0x04, 0x04, 0x02, 0x0a, 0x16, 0x09, 0x02, 0x04, 0x04, 0x04, 0x04, 0x04, 0x04, 0x04, 0x03,
	0x05, 0x0d, 0x13, 0x0a, 0x02, 0x04, 0x04, 0x04, 0x04, 0x04, 0x04, 0x04, 0x03, 0x04, 0x0c, 0x13,
	0x09, 0x03, 0x04, 0x04, 0x04, 0x04, 0x04, 0x04, 0x04, 0x04, 0x03, 0x06, 0x0d, 0x0a, 0x03, 0x04,
	0x04, 0x04, 0x04, 0x04, 0x04, 0x04, 0x05, 0x04, 0x0c, 0x15, 0x0a, 0x04, 0x05, 0x05, 0x05, 0x05,
	0x05, 0x05, 0x05, 0x05, 0x04, 0x08, 0x13, 0x0f, 0x04, 0x05, 0x05, 0x05, 0x05, 0x05, 0x05, 0x05,
	0x06, 0x05, 0x0a, 0x11, 0x11, 0x05, 0x06, 0x06, 0x06, 0x06, 0x06, 0x06, 0x06, 0x04, 0x04, 0x0a,
	0x13, 0x0f, 0x04, 0x04, 0x04, 0x04, 0x04, 0x04, 0x04, 0x04, 0x04, 0x02, 0x09, 0x16, 0x09, 0x02,
	0x04, 0x04, 0x04, 0x04, 0x04, 0x04, 0x04, 0x03, 0x08, 0x14, 0x12, 0x0a, 0x02, 0x04, 0x04, 0x04,
	0x04, 0x04, 0x04, 0x04, 0x03, 0x07, 0x13, 0x12, 0x09, 0x03, 0x04, 0x04, 0x04, 0x04, 0x04, 0x04,
	0x04, 0x04, 0x03, 0x06, 0x0d, 0x0a, 0x03, 0x04, 0x04, 0x04, 0x04, 0x04, 0x04, 0x04, 0x05, 0x04,
	0x0c, 0x15, 0x0a, 0x04, 0x05, 0x05, 0x05, 0x05, 0x05, 0x05, 0x05, 0x05, 0x04, 0x08, 0x13, 0x0f,
	0x04, 0x05, 0x05, 0x05, 0x05, 0x05, 0x05, 0x05, 0x06, 0x05, 0x0a, 0x11, 0x11, 0x05, 0x06, 0x06,
	0x06, 0x06, 0x06, 0x06, 0x06, 0x04, 0x04, 0x0a, 0x13, 0x0f, 0x04, 0x04, 0x04, 0x04, 0x04, 0x04,
	0x04, 0x04, 0x04, 0x02, 0x08, 0x17, 0x09, 0x02, 0x04, 0x04, 0x04, 0x04, 0x04, 0x04, 0x04, 0x03,
	0x0d, 0x21, 0x11, 0x0a, 0x02, 0x04, 0x04, 0x04, 0x04, 0x04, 0x04, 0x04, 0x03, 0x0d, 0x20, 0x11,
	0x09, 0x03, 0x04, 0x04, 0x04, 0x04, 0x04, 0x04, 0x04, 0x04, 0x02, 0x04, 0x0d, 0x0a, 0x03, 0x04,
	0x04, 0x04, 0x04, 0x04, 0x04, 0x04, 0x05, 0x04, 0x0c, 0x15, 0x0a, 0x04, 0x05, 0x05, 0x05, 0x05,
	0x05, 0x05, 0x05, 0x05, 0x04, 0x08, 0x13, 0x0f, 0x04, 0x05, 0x05, 0x05, 0x05, 0x05, 0x05, 0x05,
	0x06, 0x05, 0x0a, 0x11, 0x11, 0x05, 0x06, 0x06, 0x06, 0x06, 0x06, 0x06, 0x06, 0x04, 0x04, 0x0a,
	0x13, 0x0f, 0x04, 0x04, 0x04, 0x04, 0x04, 0x04, 0x04, 0x04, 0x05, 0x01, 0x06, 0x17, 0x09, 0x02,
	0x04, 0x04, 0x04, 0x04, 0x04, 0x04, 0x04, 0x01, 0x16, 0x36, 0x10, 0x0a, 0x02, 0x04, 0x04, 0x04,
	0x04, 0x04, 0x04, 0x04, 0x01, 0x15, 0x34, 0x0f, 0x09, 0x03, 0x04, 0x04, 0x04, 0x04, 0x04, 0x04,
	0x04, 0x05, 0x02, 0x02, 0x0d, 0x0a, 0x03, 0x04, 0x04, 0x04, 0x04, 0x04, 0x04, 0x04, 0x05, 0x04,
	0x0c, 0x15, 0x0a, 0x04, 0x05, 0x05, 0x05, 0x05, 0x05, 0x05, 0x05, 0x05, 0x04, 0x08, 0x13, 0x0f,
	0x04, 0x05, 0x05, 0x05, 0x05, 0x05, 0x05, 0x05, 0x06, 0x05, 0x0a, 0x11, 0x11, 0x05, 0x06, 0x06,
	0x06, 0x06, 0x06, 0x06, 0x06, 0x04, 0x04, 0x0a, 0x13, 0x0f, 0x04, 0x04, 0x04, 0x04, 0x04, 0x04,
	0x04, 0x04, 0x05, 0x00, 0x04, 0x17, 0x09, 0x02, 0x04, 0x04, 0x04, 0x04, 0x04, 0x04, 0x04, 0x00,
	0x23, 0x53, 0x0e, 0x0a, 0x02, 0x04, 0x04, 0x04, 0x04, 0x04, 0x04, 0x04, 0x00, 0x22, 0x51, 0x0d,
	0x09, 0x03, 0x04, 0x04, 0x04, 0x04, 0x04, 0x04, 0x04, 0x05, 0x01, 0x00, 0x0e, 0x0a, 0x03, 0x04,
	0x04, 0x04, 0x04, 0x04, 0x04, 0x04, 0x05, 0x04, 0x0c, 0x15, 0x0a, 0x04, 0x05, 0x05, 0x05, 0x05,
	0x05, 0x05, 0x05, 0x05, 0x04, 0x08, 0x13, 0x0f, 0x04, 0x05, 0x05, 0x05, 0x05, 0x05, 0x05, 0x05,
	0x06, 0x05, 0x0a, 0x11, 0x11, 0x05, 0x06, 0x06, 0x06, 0x06, 0x06, 0x06, 0x06, 0x05, 0x04, 0x0a,
	0x13, 0x0f, 0x04, 0x04, 0x04, 0x04, 0x04, 0x04, 0x04, 0x04, 0x05, 0x00, 0x03, 0x17, 0x09, 0x02,
	0x04, 0x04, 0x04, 0x04, 0x04, 0x04, 0x04, 0x00, 0x35, 0x75, 0x0d, 0x0a, 0x02, 0x04, 0x04, 0x04,
	0x04, 0x04, 0x04, 0x04, 0x00, 0x34, 0x73, 0x0c, 0x09, 0x03, 0x04, 0x04, 0x04, 0x04, 0x04, 0x04,
	0x04, 0x05, 0x00, 0x00, 0x0e, 0x0a, 0x03, 0x04, 0x04, 0x04, 0x04, 0x04, 0x04, 0x04, 0x05, 0x04,
	0x0c, 0x15, 0x0a, 0x04, 0x05, 0x05, 0x05, 0x05, 0x05, 0x05, 0x05, 0x05, 0x04, 0x08, 0x13, 0x0f,
	0x04, 0x05, 0x05, 0x05, 0x05, 0x05, 0x05, 0x05, 0x06, 0x05, 0x0a, 0x11, 0x11, 0x05, 0x06, 0x06,
	0x06, 0x06, 0x06, 0x06, 0x06, 0x05, 0x04, 0x0a, 0x13, 0x0f, 0x04, 0x04, 0x04, 0x04, 0x04, 0x04,
	0x04, 0x04, 0x05, 0x00, 0x06, 0x16, 0x09, 0x02, 0x04, 0x04, 0x04, 0x04, 0x04, 0x04, 0x04, 0x00,
	0x4d, 0x9c, 0x0e, 0x0a, 0x02, 0x04, 0x04, 0x04, 0x04, 0x04, 0x04, 0x04, 0x00, 0x4d, 0x99, 0x0d,
	0x09, 0x03, 0x04, 0x04, 0x04, 0x04, 0x04, 0x04, 0x04, 0x05, 0x00, 0x02, 0x0c, 0x0a, 0x03, 0x04,
	0x04, 0x04, 0x04, 0x04, 0x04, 0x04, 0x05, 0x04, 0x0c, 0x15, 0x0a, 0x04, 0x05, 0x05, 0x05, 0x05,
	0x05, 0x05, 0x05, 0x05, 0x04, 0x08, 0x13, 0x0f, 0x04, 0x05, 0x05, 0x05, 0x05, 0x05, 0x05, 0x05,
	0x06, 0x05, 0x0a, 0x11, 0x11, 0x05, 0x06, 0x06, 0x06, 0x06, 0x06, 0x06, 0x06, 0x05, 0x03, 0x09,
	0x13, 0x0f, 0x04, 0x04, 0x04, 0x04, 0x04, 0x04, 0x04, 0x04, 0x04, 0x02, 0x0d, 0x15, 0x09, 0x02,
	0x04, 0x04, 0x04, 0x04, 0x04, 0x04, 0x04, 0x00, 0x69, 0xbe, 0x12, 0x09, 0x02, 0x04, 0x04, 0x04,
	0x04, 0x04, 0x04, 0x04, 0x00, 0x69, 0xbe, 0x11, 0x08, 0x03, 0x04, 0x04, 0x04, 0x04, 0x04, 0x04,
	0x04, 0x04, 0x03, 0x0a, 0x0c, 0x0a, 0x03, 0x04, 0x04, 0x04, 0x04, 0x04, 0x04, 0x04, 0x05, 0x03,
	0x0b, 0x15, 0x0a, 0x04, 0x05, 0x05, 0x05, 0x05, 0x05, 0x05, 0x05, 0x05, 0x04, 0x08, 0x13, 0x0f,
	0x04, 0x05, 0x05, 0x05, 0x05, 0x05, 0x05, 0x05, 0x06, 0x05, 0x0a, 0x11, 0x11, 0x05, 0x06, 0x06,
	0x06, 0x06, 0x06, 0x06, 0x06, 0x05, 0x02, 0x07, 0x13, 0x0f, 0x04, 0x04, 0x04, 0x04, 0x04, 0x04,
	0x04, 0x04, 0x04, 0x0a, 0x1d, 0x14, 0x09, 0x02, 0x04, 0x04, 0x04, 0x04, 0x04, 0x04, 0x04, 0x00,
	0x88, 0xde, 0x1b, 0x08, 0x02, 0x04, 0x04, 0x04, 0x04, 0x04, 0x04, 0x04, 0x00, 0x87, 0xdd, 0x1a,
	0x07, 0x03, 0x04, 0x04, 0x04, 0x04, 0x04, 0x04, 0x04, 0x04, 0x0a, 0x19, 0x0b, 0x0a, 0x03, 0x04,
	0x04, 0x04, 0x04, 0x04, 0x04, 0x04, 0x05, 0x02, 0x09, 0x15, 0x0a, 0x04, 0x05, 0x05, 0x05, 0x05,
	0x05, 0x05, 0x05, 0x05, 0x04, 0x08, 0x13, 0x0f, 0x04, 0x05, 0x05, 0x05, 0x05, 0x05, 0x05, 0x05,
	0x06, 0x05, 0x0a, 0x11, 0x11, 0x05, 0x06, 0x06, 0x06, 0x06, 0x06, 0x06, 0x06, 0x06, 0x01, 0x04,
	0x13, 0x0f, 0x04, 0x04, 0x04, 0x04, 0x04, 0x04, 0x04, 0x04, 0x02, 0x16, 0x34, 0x14, 0x0a, 0x02,
	0x04, 0x04, 0x04, 0x04, 0x04, 0x04, 0x04, 0x00, 0xa7, 0xf6, 0x29, 0x06, 0x02, 0x04, 0x04, 0x04,
	0x04, 0x04, 0x04, 0x04, 0x00, 0xa6, 0xf6, 0x27, 0x05, 0x03, 0x04, 0x04, 0x04, 0x04, 0x04, 0x04,
	0x04, 0x02, 0x17, 0x32, 0x0a, 0x0b, 0x03, 0x04, 0x04, 0x04, 0x04, 0x04, 0x04, 0x04, 0x05, 0x00,
	0x06, 0x15, 0x0a, 0x04, 0x05, 0x05, 0x05, 0x05, 0x05, 0x05, 0x05, 0x05, 0x04, 0x08, 0x13, 0x0f,
	0x04, 0x05, 0x05, 0x05, 0x05, 0x05, 0x05, 0x05, 0x06, 0x05, 0x0a, 0x11, 0x11, 0x05, 0x06, 0x06,
	0x06, 0x06, 0x06, 0x06, 0x06, 0x06, 0x00, 0x01, 0x13, 0x0f, 0x04, 0x04, 0x04, 0x04, 0x04, 0x04,
	0x04, 0x04, 0x00, 0x28, 0x51, 0x15, 0x0a, 0x02, 0x04, 0x04, 0x04, 0x04, 0x04, 0x04, 0x04, 0x00,
	0xc2, 0xff, 0x3b, 0x04, 0x02, 0x04, 0x04, 0x04, 0x04, 0x04, 0x04, 0x04, 0x00, 0xc2, 0xff, 0x39,
	0x03, 0x03, 0x04, 0x04, 0x04, 0x04, 0x04, 0x04, 0x04, 0x00, 0x29, 0x4f, 0x0b, 0x0a, 0x03, 0x04,
	0x04, 0x04, 0x04, 0x04, 0x04, 0x04, 0x05, 0x00, 0x03, 0x15, 0x0a, 0x04, 0x05, 0x05, 0x05, 0x05,
	0x05, 0x05, 0x05, 0x05, 0x04, 0x08, 0x13, 0x0f, 0x04, 0x05, 0x05, 0x05, 0x05, 0x05, 0x05, 0x05,
	0x06, 0x05, 0x0a, 0x11, 0x11, 0x05, 0x06, 0x06, 0x06, 0x06, 0x06, 0x06, 0x06, 0x06, 0x00, 0x00,
	0x12, 0x0f, 0x04, 0x04, 0x04, 0x04, 0x04, 0x04, 0x04, 0x04, 0x00, 0x3f, 0x71, 0x18, 0x09, 0x02,
	0x04, 0x04, 0x04, 0x04, 0x04, 0x04, 0x04, 0x07, 0xda, 0xff, 0x4f, 0x01, 0x02, 0x04, 0x04, 0x04,
	0x04, 0x04, 0x04, 0x04, 0x06, 0xda, 0xff, 0x4c, 0x01, 0x03, 0x04, 0x04, 0x04, 0x04, 0x04, 0x04,
	0x04, 0x00, 0x3f, 0x70, 0x0e, 0x0a, 0x03, 0x04, 0x04, 0x04, 0x04, 0x04, 0x04, 0x04, 0x05, 0x00,
	0x01, 0x14, 0x0b, 0x04, 0x05, 0x05, 0x05, 0x05, 0x05, 0x05, 0x05, 0x05, 0x04, 0x08, 0x13, 0x0f,
	0x04, 0x05, 0x05, 0x05, 0x05, 0x05, 0x05, 0x05, 0x06, 0x05, 0x0a, 0x11, 0x11, 0x05, 0x06, 0x06,
	0x06, 0x06, 0x06, 0x06, 0x06, 0x05, 0x00, 0x00, 0x11, 0x0f, 0x04, 0x04, 0x04, 0x04, 0x04, 0x04,
	0x04, 0x04, 0x00, 0x59, 0x90, 0x1d, 0x09, 0x02, 0x04, 0x04, 0x04, 0x04, 0x04, 0x04, 0x04, 0x11,
	0xec, 0xff, 0x63, 0x00, 0x02, 0x04, 0x04, 0x04, 0x04, 0x04, 0x04, 0x04, 0x11, 0xed, 0xff, 0x61,
	0x00, 0x03, 0x04, 0x04, 0x04, 0x04, 0x04, 0x04, 0x04, 0x00, 0x59, 0x8f, 0x15, 0x09, 0x03, 0x04,
	0x04, 0x04, 0x04, 0x04, 0x04, 0x04, 0x05, 0x00, 0x01, 0x13, 0x0b, 0x04, 0x05, 0x05, 0x05, 0x05,
	0x05, 0x05, 0x05, 0x05, 0x04, 0x08, 0x13, 0x0f, 0x04, 0x05, 0x05, 0x05, 0x05, 0x05, 0x05, 0x05,
	0x06, 0x05, 0x0a, 0x11, 0x11, 0x05, 0x06, 0x06, 0x06, 0x06, 0x06, 0x06, 0x06, 0x05, 0x00, 0x03,
	0x10, 0x0f, 0x04, 0x04, 0x04, 0x04, 0x04, 0x04, 0x04, 0x04, 0x00, 0x73, 0xab, 0x25, 0x08, 0x02,
	0x04, 0x04, 0x04, 0x04, 0x04, 0x04, 0x04, 0x1d, 0xfa, 0xff, 0x75, 0x00, 0x02, 0x04, 0x04, 0x04,
	0x04, 0x04, 0x04, 0x04, 0x1d, 0xfa, 0xff, 0x74, 0x00, 0x03, 0x04, 0x04, 0x04, 0x04, 0x04, 0x04,
	0x04, 0x00, 0x71, 0xa9, 0x1e, 0x08, 0x03, 0x04, 0x04, 0x04, 0x04, 0x04, 0x04, 0x04, 0x05, 0x00,
	0x03, 0x12, 0x0b, 0x04, 0x05, 0x05, 0x05, 0x05, 0x05, 0x05, 0x05, 0x05, 0x04, 0x08, 0x13, 0x0f,
	0x04, 0x05, 0x05, 0x05, 0x05, 0x05, 0x05, 0x05, 0x06, 0x05, 0x0a, 0x11, 0x11, 0x05, 0x06, 0x06,
	0x06, 0x06, 0x06, 0x06, 0x06, 0x04, 0x00, 0x07, 0x0f, 0x0f, 0x04, 0x04, 0x04, 0x04, 0x04, 0x04,
	0x04, 0x04, 0x00, 0x89, 0xbf, 0x2f, 0x06, 0x02, 0x04, 0x04, 0x04, 0x04, 0x04, 0x04, 0x04, 0x29,
	0xff, 0xff, 0x85, 0x00, 0x02, 0x04, 0x04, 0x04, 0x04, 0x04, 0x04, 0x04, 0x29, 0xff, 0xff, 0x85,
	0x00, 0x03, 0x04, 0x04, 0x04, 0x04, 0x04, 0x04, 0x04, 0x00, 0x89, 0xbf, 0x28, 0x07, 0x03, 0x04,
	0x04, 0x04, 0x04, 0x04, 0x04, 0x04, 0x04, 0x00, 0x08, 0x11, 0x0b, 0x04, 0x05, 0x05, 0x05, 0x05,
	0x05, 0x05, 0x05, 0x05, 0x04, 0x07, 0x13, 0x0f, 0x04, 0x05, 0x05, 0x05, 0x05, 0x05, 0x05, 0x05,
	0x06, 0x05, 0x09, 0x11, 0x11, 0x05, 0x06, 0x06, 0x06, 0x06, 0x06, 0x06, 0x06, 0x04, 0x01, 0x0c,
	0x0f, 0x0f, 0x04, 0x04, 0x04, 0x04, 0x04, 0x04, 0x04, 0x04, 0x03, 0x9b, 0xce, 0x37, 0x05, 0x02,
	0x04, 0x04, 0x04, 0x04, 0x04, 0x04, 0x04, 0x34, 0xff, 0xff, 0x95, 0x00, 0x02, 0x04, 0x04, 0x04,
	0x04, 0x04, 0x04, 0x04, 0x34, 0xff, 0xff, 0x94, 0x00, 0x03, 0x04, 0x04, 0x04, 0x04, 0x04, 0x04,
	0x04, 0x03, 0x9a, 0xcd, 0x31, 0x06, 0x03, 0x04, 0x04, 0x04, 0x04, 0x04, 0x04, 0x04, 0x03, 0x00,
	0x0d, 0x10, 0x0b, 0x04, 0x05, 0x05, 0x05, 0x05, 0x05, 0x05, 0x05, 0x05, 0x03, 0x06, 0x13, 0x0f,
	0x04, 0x05, 0x05, 0x05, 0x05, 0x05, 0x05, 0x05, 0x06, 0x04, 0x09, 0x11, 0x11, 0x05, 0x06, 0x06,
	0x06, 0x06, 0x06, 0x06, 0x06, 0x03, 0x02, 0x12, 0x0f, 0x0f, 0x04, 0x04, 0x04, 0x04, 0x04, 0x04,
	0x04, 0x04, 0x06, 0xa7, 0xd8, 0x3e, 0x04, 0x02, 0x04, 0x04, 0x04, 0x04, 0x04, 0x04, 0x04, 0x3b,
	0xff, 0xff, 0x9d, 0x00, 0x02, 0x04, 0x04, 0x04, 0x04, 0x04, 0x04, 0x04, 0x3c, 0xff, 0xff, 0x9d,
	0x00, 0x03, 0x04, 0x04, 0x04, 0x04, 0x04, 0x04, 0x04, 0x06, 0xa7, 0xd9, 0x39, 0x05, 0x03, 0x04,
	0x04, 0x04, 0x04, 0x04, 0x04, 0x04, 0x03, 0x02, 0x13, 0x10, 0x0b, 0x04, 0x05, 0x05, 0x05, 0x05,
	0x05, 0x05, 0x05, 0x05, 0x03, 0x06, 0x13, 0x0f, 0x04, 0x05, 0x05, 0x05, 0x05, 0x05, 0x05, 0x05,
	0x06, 0x04, 0x08, 0x11, 0x11, 0x05, 0x06, 0x06, 0x06, 0x06, 0x06, 0x06, 0x06, 0x02, 0x04, 0x14,
	0x0e, 0x0f, 0x04, 0x04, 0x04, 0x04, 0x04, 0x04, 0x04, 0x04, 0x07, 0xae, 0xdd, 0x41, 0x04, 0x02,
	0x04, 0x04, 0x04, 0x04, 0x04, 0x04, 0x04, 0x40, 0xff, 0xff, 0xa0, 0x00, 0x02, 0x04, 0x04, 0x04,
	0x04, 0x04, 0x04, 0x04, 0x40, 0xff, 0xff, 0xa1, 0x00, 0x03, 0x04, 0x04, 0x04, 0x04, 0x04, 0x04,
	0x04, 0x07, 0xad, 0xdd, 0x3d, 0x05, 0x03, 0x04, 0x04, 0x04, 0x04, 0x04, 0x04, 0x04, 0x02, 0x04,
	0x15, 0x10, 0x0b, 0x04, 0x05, 0x05, 0x05, 0x05, 0x05, 0x05, 0x05, 0x05, 0x03, 0x05, 0x13, 0x0f,
	0x04, 0x05, 0x05, 0x05, 0x05, 0x05, 0x05, 0x05, 0x06, 0x04, 0x08, 0x11, 0x11, 0x05, 0x06, 0x06,
	0x06, 0x06, 0x06, 0x06, 0x06, 0x02, 0x04, 0x14, 0x0e, 0x0f, 0x04, 0x04, 0x04, 0x04, 0x04, 0x04,
	0x04, 0x04, 0x07, 0xae, 0xdd, 0x41, 0x04, 0x02, 0x04, 0x04, 0x04, 0x04, 0x04, 0x04, 0x04, 0x40,
	0xff, 0xff, 0xa0, 0x00, 0x02, 0x04, 0x04, 0x04, 0x04, 0x04, 0x04, 0x04, 0x40, 0xff, 0xff, 0xa1,
	0x00, 0x03, 0x04, 0x04, 0x04, 0x04, 0x04, 0x04, 0x04, 0x07, 0xad, 0xdd, 0x3c, 0x05, 0x03, 0x04,
	0x04, 0x04, 0x04, 0x04, 0x04, 0x04, 0x02, 0x04, 0x15, 0x10, 0x0b, 0x04, 0x05, 0x05, 0x05, 0x05,
	0x05, 0x05, 0x05, 0x05, 0x03, 0x05, 0x13, 0x0f, 0x04, 0x05, 0x05, 0x05, 0x05, 0x05, 0x05, 0x05,
	0x06, 0x04, 0x08, 0x11, 0x11, 0x05, 0x06, 0x06, 0x06, 0x06, 0x06, 0x06, 0x06, 0x02, 0x03, 0x14,
	0x0e, 0x0f, 0x04, 0x04, 0x04, 0x04, 0x04, 0x04, 0x04, 0x04, 0x06, 0xaa, 0xdb, 0x3f, 0x04, 0x02,
	0x04, 0x04, 0x04, 0x04, 0x04, 0x04, 0x04, 0x3d, 0xff, 0xff, 0x9f, 0x00, 0x02, 0x04, 0x04, 0x04,
	0x04, 0x04, 0x04, 0x04, 0x3d, 0xff, 0xff, 0xa0, 0x00, 0x03, 0x04, 0x04, 0x04, 0x04, 0x04, 0x04,
	0x04, 0x06, 0xaa, 0xdb, 0x3a, 0x05, 0x03, 0x04, 0x04, 0x04, 0x04, 0x04, 0x04, 0x04, 0x02, 0x03,
	0x14, 0x0f, 0x0b, 0x04, 0x05, 0x05, 0x05, 0x05, 0x05, 0x05, 0x05, 0x05, 0x03, 0x06, 0x14, 0x0f,
	0x04, 0x05, 0x05, 0x05, 0x05, 0x05, 0x05, 0x05, 0x06, 0x04, 0x09, 0x11, 0x11, 0x05, 0x06, 0x06,
	0x06, 0x06, 0x06, 0x06, 0x06, 0x03, 0x02, 0x10, 0x0e, 0x10, 0x04, 0x04, 0x04, 0x04, 0x04, 0x04,
	0x04, 0x04, 0x05, 0xa4, 0xd5, 0x3d, 0x05, 0x02, 0x04, 0x04, 0x04, 0x04, 0x04, 0x04, 0x04, 0x3a,
	0xff, 0xff, 0x9b, 0x00, 0x02, 0x04, 0x04, 0x04, 0x04, 0x04, 0x04, 0x04, 0x39, 0xff, 0xff, 0x9a,
	0x00, 0x03, 0x04, 0x04, 0x04, 0x04, 0x04, 0x04, 0x04, 0x05, 0xa3, 0xd4, 0x37, 0x06, 0x03, 0x04,
	0x04, 0x04, 0x04, 0x04, 0x04, 0x04, 0x03, 0x01, 0x10, 0x10, 0x0b, 0x04, 0x05, 0x05, 0x05, 0x05,
	0x05, 0x05, 0x05, 0x05, 0x03, 0x06, 0x13, 0x0f, 0x04, 0x05, 0x05, 0x05, 0x05, 0x05, 0x05, 0x05,
	0x06, 0x04, 0x09, 0x11, 0x11, 0x05, 0x06, 0x06, 0x06, 0x06, 0x06, 0x06, 0x06, 0x04, 0x01, 0x0d,
	0x0f, 0x0f, 0x04, 0x04, 0x04, 0x04, 0x04, 0x04, 0x04, 0x04, 0x03, 0x9c, 0xcf, 0x38, 0x05, 0x02,
	0x04, 0x04, 0x04, 0x04, 0x04, 0x04, 0x04, 0x34, 0xff, 0xff, 0x95, 0x00, 0x02, 0x04, 0x04, 0x04,
	0x04, 0x04, 0x04, 0x04, 0x34, 0xff, 0xff, 0x93, 0x00, 0x03, 0x04, 0x04, 0x04, 0x04, 0x04, 0x04,
	0x04, 0x03, 0x9b, 0xcf, 0x32, 0x06, 0x03, 0x04, 0x04, 0x04, 0x04, 0x04, 0x04, 0x04, 0x03, 0x00,
	0x0e, 0x10, 0x0b, 0x04, 0x05, 0x05, 0x05, 0x05, 0x05, 0x05, 0x05, 0x05, 0x03, 0x06, 0x14, 0x0f,
	0x04, 0x05, 0x05, 0x05, 0x05, 0x05, 0x05, 0x05, 0x06, 0x05, 0x09, 0x11, 0x11, 0x05, 0x06, 0x06,
	0x06, 0x06, 0x06, 0x06, 0x06, 0x04, 0x00, 0x0a, 0x0f, 0x0f, 0x04, 0x04, 0x04, 0x04, 0x04, 0x04,
	0x04, 0x04, 0x02, 0x91, 0xc8, 0x33, 0x06, 0x02, 0x04, 0x04, 0x04, 0x04, 0x04, 0x04, 0x04, 0x2e,
	0xff, 0xff, 0x8f, 0x00, 0x02, 0x04, 0x04, 0x04, 0x04, 0x04, 0x04, 0x04, 0x2e, 0xff, 0xff, 0x8c,
	0x00, 0x03, 0x04, 0x04, 0x04, 0x04, 0x04, 0x04, 0x04, 0x02, 0x91, 0xc6, 0x2c, 0x06, 0x03, 0x04,
	0x04, 0x04, 0x04, 0x04, 0x04, 0x04, 0x04, 0x00, 0x0a, 0x11, 0x0b, 0x04, 0x05, 0x05, 0x05, 0x05,
	0x05, 0x05, 0x05, 0x05, 0x04, 0x07, 0x14, 0x0f, 0x04, 0x05, 0x05, 0x05, 0x05, 0x05, 0x05, 0x05,
	0x06, 0x05, 0x0a, 0x11, 0x11, 0x05, 0x06, 0x06, 0x06, 0x06, 0x06, 0x06, 0x06, 0x04, 0x00, 0x07,
	0x0f, 0x0f, 0x04, 0x04, 0x04, 0x04, 0x04, 0x04, 0x04, 0x04, 0x00, 0x88, 0xbe, 0x2e, 0x07, 0x02,
	0x04, 0x04, 0x04, 0x04, 0x04, 0x04, 0x04, 0x28, 0xff, 0xff, 0x85, 0x00, 0x02, 0x04, 0x04, 0x04,
	0x04, 0x04, 0x04, 0x04, 0x28, 0xff, 0xff, 0x84, 0x00, 0x03, 0x04, 0x04, 0x04, 0x04, 0x04, 0x04,
	0x04, 0x00, 0x87, 0xbd, 0x27, 0x07, 0x03, 0x04, 0x04, 0x04, 0x04, 0x04, 0x04, 0x04, 0x04, 0x00,
	0x07, 0x11, 0x0b, 0x04, 0x05, 0x05, 0x05, 0x05, 0x05, 0x05, 0x05, 0x05, 0x04, 0x07, 0x14, 0x0f,
	0x04, 0x05, 0x05, 0x05, 0x05, 0x05, 0x05, 0x05, 0x06, 0x05, 0x0a, 0x11, 0x11, 0x05, 0x06, 0x06,
	0x06, 0x06, 0x06, 0x06, 0x06, 0x04, 0x00, 0x04, 0x10, 0x0f, 0x04, 0x04, 0x04, 0x04, 0x04, 0x04,
	0x04, 0x04, 0x00, 0x7d, 0xb4, 0x29, 0x07, 0x02, 0x04, 0x04, 0x04, 0x04, 0x04, 0x04, 0x04, 0x22,
	0xfe, 0xff, 0x7f, 0x00, 0x02, 0x04, 0x04, 0x04, 0x04, 0x04, 0x04, 0x04, 0x22, 0xfe, 0xff, 0x7c,
	0x00, 0x03, 0x04, 0x04, 0x04, 0x04, 0x04, 0x04, 0x04, 0x00, 0x7b, 0xb4, 0x22, 0x07, 0x03, 0x04,
	0x04, 0x04, 0x04, 0x04, 0x04, 0x04, 0x04, 0x00, 0x05, 0x12, 0x0b, 0x04, 0x05, 0x05, 0x05, 0x05,
	0x05, 0x05, 0x05, 0x05, 0x04, 0x07, 0x14, 0x0f, 0x04, 0x05, 0x05, 0x05, 0x05, 0x05, 0x05, 0x05,
	0x06, 0x05, 0x0a, 0x11, 0x11, 0x05, 0x06, 0x06, 0x06, 0x06, 0x06, 0x06, 0x06, 0x05, 0x00, 0x02,
	0x10, 0x0f, 0x04, 0x04, 0x04, 0x04, 0x04, 0x04, 0x04, 0x04, 0x00, 0x72, 0xaa, 0x25, 0x08, 0x02,
	0x04, 0x04, 0x04, 0x04, 0x04, 0x04, 0x04, 0x1d, 0xfa, 0xff, 0x75, 0x00, 0x02, 0x04, 0x04, 0x04,
	0x04, 0x04, 0x04, 0x04, 0x1d, 0xfb, 0xff, 0x75, 0x00, 0x03, 0x04, 0x04, 0x04, 0x04, 0x04, 0x04,
	0x04, 0x00, 0x72, 0xaa, 0x1e, 0x08, 0x03, 0x04, 0x04, 0x04, 0x04, 0x04, 0x04, 0x04, 0x04, 0x00,
	0x03, 0x12, 0x0b, 0x04, 0x05, 0x05, 0x05, 0x05, 0x05, 0x05, 0x05, 0x05, 0x04, 0x08, 0x13, 0x0f,
	0x04, 0x05, 0x05, 0x05, 0x05, 0x05, 0x05, 0x05, 0x06, 0x05, 0x0a, 0x11, 0x11, 0x05, 0x06, 0x06,
	0x06, 0x06, 0x06, 0x06, 0x06, 0x05, 0x00, 0x01, 0x11, 0x0f, 0x04, 0x04, 0x04, 0x04, 0x04, 0x04,
	0x04, 0x04, 0x00, 0x6a, 0xa1, 0x22, 0x08, 0x02, 0x04, 0x04, 0x04, 0x04, 0x04, 0x04, 0x04, 0x19,
	0xf6, 0xff, 0x70, 0x00, 0x02, 0x04, 0x04, 0x04, 0x04, 0x04, 0x04, 0x04, 0x18, 0xf6, 0xff, 0x6d,
	0x00, 0x03, 0x04, 0x04, 0x04, 0x04, 0x04, 0x04, 0x04, 0x00, 0x6a, 0xa2, 0x1a, 0x08, 0x03, 0x04,
	0x04, 0x04, 0x04, 0x04, 0x04, 0x04, 0x05, 0x00, 0x02, 0x12, 0x0b, 0x04, 0x05, 0x05, 0x05, 0x05,
	0x05, 0x05, 0x05, 0x05, 0x04, 0x08, 0x13, 0x0f, 0x04, 0x05, 0x05, 0x05, 0x05, 0x05, 0x05, 0x05,
	0x06, 0x05, 0x0a, 0x11, 0x11, 0x05, 0x06, 0x06, 0x06, 0x06, 0x06, 0x06, 0x06, 0x05, 0x00, 0x00,
	0x11, 0x0f, 0x04, 0x04, 0x04, 0x04, 0x04, 0x04, 0x04, 0x04, 0x00, 0x62, 0x9a, 0x20, 0x08, 0x02,
	0x04, 0x04, 0x04, 0x04, 0x04, 0x04, 0x04, 0x15, 0xf2, 0xff, 0x6b, 0x00, 0x02, 0x04, 0x04, 0x04,
	0x04, 0x04, 0x04, 0x04, 0x15, 0xf3, 0xff, 0x68, 0x00, 0x03, 0x04, 0x04, 0x04, 0x04, 0x04, 0x04,
	0x04, 0x00, 0x63, 0x9b, 0x18, 0x09, 0x03, 0x04, 0x04, 0x04, 0x04, 0x04, 0x04, 0x04, 0x05, 0x00,
	0x01, 0x13, 0x0b, 0x04, 0x05, 0x05, 0x05, 0x05, 0x05, 0x05, 0x05, 0x05, 0x04, 0x08, 0x13, 0x0f,
	0x04, 0x05, 0x05, 0x05, 0x05, 0x05, 0x05, 0x05, 0x06, 0x05, 0x0a, 0x11, 0x11, 0x05, 0x06, 0x06,
	0x06, 0x06, 0x06, 0x06, 0x06, 0x05, 0x00, 0x00, 0x11, 0x0f, 0x04, 0x04, 0x04, 0x04, 0x04, 0x04,
	0x04, 0x04, 0x00, 0x60, 0x96, 0x1f, 0x08, 0x02, 0x04, 0x04, 0x04, 0x04, 0x04, 0x04, 0x04, 0x14,
	0xf0, 0xff, 0x67, 0x00, 0x03, 0x04, 0x04, 0x04, 0x04, 0x04, 0x04, 0x04, 0x14, 0xf0, 0xff, 0x65,
	0x00, 0x03, 0x04, 0x04, 0x04, 0x04, 0x04, 0x04, 0x04, 0x00, 0x5f, 0x97, 0x17, 0x09, 0x03, 0x04,
	0x04, 0x04, 0x04, 0x04, 0x04, 0x04, 0x05, 0x00, 0x01, 0x13, 0x0b, 0x04, 0x05, 0x05, 0x05, 0x05,
	0x05, 0x05, 0x05, 0x05, 0x04, 0x08, 0x13, 0x0f, 0x04, 0x05, 0x05, 0x05, 0x05, 0x05, 0x05, 0x05,
	0x06, 0x05, 0x0a, 0x11, 0x11, 0x05, 0x06, 0x06, 0x06, 0x06, 0x06, 0x06, 0x06, 0x05, 0x00, 0x00,
	0x11, 0x0f, 0x04, 0x04, 0x04, 0x04, 0x04, 0x04, 0x04, 0x04, 0x00, 0x5d, 0x94, 0x1e, 0x09, 0x02,
	0x04, 0x04, 0x04, 0x04, 0x04, 0x04, 0x04, 0x13, 0xee, 0xff, 0x65, 0x00, 0x03, 0x04, 0x04, 0x04,
	0x04, 0x04, 0x04, 0x04, 0x13, 0xef, 0xff, 0x64, 0x00, 0x03, 0x04, 0x04, 0x04, 0x04, 0x04, 0x04,
	0x04, 0x00, 0x5d, 0x94, 0x16, 0x09, 0x03, 0x04, 0x04, 0x04, 0x04, 0x04, 0x04, 0x04, 0x05, 0x00,
	0x01, 0x13, 0x0b, 0x04, 0x05, 0x05, 0x05, 0x05, 0x05, 0x05, 0x05, 0x05, 0x04, 0x08, 0x13, 0x0f,
	0x04, 0x05, 0x05, 0x05, 0x05, 0x05, 0x05, 0x05, 0x06, 0x05, 0x0a, 0x11, 0x11, 0x05, 0x06, 0x06,
	0x06, 0x06, 0x06, 0x06, 0x06, 0x05, 0x00, 0x00, 0x11, 0x0f, 0x04, 0x04, 0x04, 0x04, 0x04, 0x04,
	0x04, 0x04, 0x00, 0x5d, 0x94, 0x1e, 0x09, 0x02, 0x04, 0x04, 0x04, 0x04, 0x04, 0x04, 0x04, 0x13,
	0xee, 0xff, 0x65, 0x00, 0x03, 0x04, 0x04, 0x04, 0x04, 0x04, 0x04, 0x04, 0x13, 0xef, 0xff, 0x64,
	0x00, 0x03, 0x04, 0x04, 0x04, 0x04, 0x04, 0x04, 0x04, 0x00, 0x5d, 0x94, 0x16, 0x09, 0x03, 0x04,
	0x04, 0x04, 0x04, 0x04, 0x04, 0x04, 0x05, 0x00, 0x01, 0x13, 0x0b, 0x04, 0x05, 0x05, 0x05, 0x05,
	0x05, 0x05, 0x05, 0x05, 0x04, 0x08, 0x13, 0x0f, 0x04, 0x05, 0x05, 0x05, 0x05, 0x05, 0x05, 0x05,
	0x06, 0x05, 0x0a, 0x11, 0x11, 0x05, 0x06, 0x06, 0x06, 0x06, 0x06, 0x06, 0x06, 0x05, 0x00, 0x00,
	0x11, 0x0f, 0x04, 0x04, 0x04, 0x04, 0x04, 0x04, 0x04, 0x04, 0x00, 0x5d, 0x94, 0x1e, 0x09, 0x02,
	0x04, 0x04, 0x04, 0x04, 0x04, 0x04, 0x04, 0x13, 0xee, 0xff, 0x65, 0x00, 0x03, 0x04, 0x04, 0x04,
	0x04, 0x04, 0x04, 0x04, 0x13, 0xef, 0xff, 0x64, 0x00, 0x03, 0x04, 0x04, 0x04, 0x04, 0x04, 0x04,
	0x04, 0x00, 0x5d, 0x94, 0x16, 0x09, 0x03, 0x04, 0x04, 0x04, 0x04, 0x04, 0x04, 0x04, 0x05, 0x00,
	0x01, 0x13, 0x0b, 0x04, 0x05, 0x05, 0x05, 0x05, 0x05, 0x05, 0x05, 0x05, 0x04, 0x08, 0x13, 0x0f,
	0x04, 0x05, 0x05, 0x05, 0x05, 0x05, 0x05, 0x05, 0x06, 0x05, 0x0a, 0x11, 0x11, 0x05, 0x06, 0x06,
	0x06, 0x06, 0x06, 0x06, 0x06, 0x05, 0x00, 0x00, 0x11, 0x0f, 0x04, 0x04, 0x04, 0x04, 0x04, 0x04,
	0x04, 0x04, 0x00, 0x5d, 0x94, 0x1e, 0x09, 0x02, 0x04, 0x04, 0x04, 0x04, 0x04, 0x04, 0x04, 0x13,
	0xee, 0xff, 0x65, 0x00, 0x03, 0x04, 0x04, 0x04, 0x04, 0x04, 0x04, 0x04, 0x13, 0xef, 0xff, 0x64,
	0x00, 0x03, 0x04, 0x04, 0x04, 0x04, 0x04, 0x04, 0x04, 0x00, 0x5d, 0x94, 0x16, 0x09, 0x03, 0x04,
	0x04, 0x04, 0x04, 0x04, 0x04, 0x04, 0x05, 0x00, 0x01, 0x13, 0x0b, 0x04, 0x05, 0x05, 0x05, 0x05,
	0x05, 0x05, 0x05, 0x05, 0x04, 0x08, 0x13, 0x0f, 0x04, 0x05, 0x05, 0x05, 0x05, 0x05, 0x05, 0x05,
	0x06, 0x05, 0x0a, 0x11, 0x11, 0x05, 0x06, 0x06, 0x06, 0x06, 0x06, 0x06, 0x06, 0x05, 0x00, 0x00,
	0x11, 0x0f, 0x04, 0x04, 0x04, 0x04, 0x04, 0x04, 0x04, 0x04, 0x00, 0x5d, 0x94, 0x1c, 0x08, 0x02,
	0x04, 0x04, 0x04, 0x04, 0x04, 0x04, 0x04, 0x13, 0xee, 0xff, 0x80, 0x00, 0x02, 0x04, 0x04, 0x04,
	0x04, 0x04, 0x04, 0x04, 0x13, 0xef, 0xff, 0x80, 0x00, 0x03, 0x04, 0x04, 0x04, 0x04, 0x04, 0x04,
	0x04, 0x00, 0x5d, 0x94, 0x14, 0x09, 0x03, 0x04, 0x04, 0x04, 0x04, 0x04, 0x04, 0x04, 0x05, 0x00,
	0x01, 0x13, 0x0b, 0x04, 0x05, 0x05, 0x05, 0x05, 0x05, 0x05, 0x05, 0x05, 0x04, 0x08, 0x13, 0x0f,
	0x04, 0x05, 0x05, 0x05, 0x05, 0x05, 0x05, 0x05, 0x06, 0x05, 0x0a, 0x11, 0x11, 0x05, 0x06, 0x06,
	0x06, 0x06, 0x06, 0x06, 0x06, 0x05, 0x00, 0x00, 0x11, 0x0f, 0x04, 0x04, 0x04, 0x04, 0x04, 0x04,
	0x04, 0x04, 0x00, 0x5d, 0x94, 0x19, 0x07, 0x02, 0x04, 0x04, 0x04, 0x04, 0x04, 0x04, 0x04, 0x13,
	0xee, 0xff, 0xa7, 0x0d, 0x02, 0x04, 0x04, 0x04, 0x04, 0x04, 0x04, 0x04, 0x13, 0xef, 0xff, 0xa6,
	0x0d, 0x01, 0x04, 0x04, 0x04, 0x04, 0x04, 0x04, 0x04, 0x00, 0x5d, 0x94, 0x11, 0x07, 0x03, 0x04,
	0x04, 0x04, 0x04, 0x04, 0x04, 0x04, 0x05, 0x00, 0x01, 0x13, 0x0b, 0x04, 0x05, 0x05, 0x05, 0x05,
	0x05, 0x05, 0x05, 0x05, 0x04, 0x08, 0x13, 0x0f, 0x04, 0x05, 0x05, 0x05, 0x05, 0x05, 0x05, 0x05,
	0x06, 0x05, 0x0a, 0x11, 0x11, 0x05, 0x06, 0x06, 0x06, 0x06, 0x06, 0x06, 0x06, 0x05, 0x00, 0x00,
	0x11, 0x0f, 0x04, 0x04, 0x04, 0x04, 0x04, 0x04, 0x04, 0x04, 0x00, 0x5d, 0x94, 0x18, 0x03, 0x04,
	0x04, 0x04, 0x04, 0x04, 0x04, 0x04, 0x04, 0x13, 0xee, 0xff, 0xb9, 0x30, 0x00, 0x04, 0x04, 0x04,
	0x04, 0x04, 0x04, 0x04, 0x13, 0xef, 0xff, 0xb7, 0x31, 0x00, 0x04, 0x04, 0x04, 0x04, 0x04, 0x04,
	0x04, 0x00, 0x5d, 0x94, 0x10, 0x04, 0x04, 0x04, 0x04, 0x04, 0x04, 0x04, 0x04, 0x04, 0x05, 0x00,
	0x01, 0x13, 0x0b, 0x04, 0x05, 0x05, 0x05, 0x05, 0x05, 0x05, 0x05, 0x05, 0x04, 0x08, 0x13, 0x0f,
	0x04, 0x05, 0x05, 0x05, 0x05, 0x05, 0x05, 0x05, 0x06, 0x05, 0x0a, 0x11, 0x11, 0x05, 0x06, 0x06,
	0x06, 0x06, 0x06, 0x06, 0x06, 0x05, 0x00, 0x00, 0x11, 0x0f, 0x04, 0x04, 0x04, 0x04, 0x04, 0x04,
	0x04, 0x04, 0x00, 0x5d, 0x94, 0x18, 0x00, 0x04, 0x04, 0x04, 0x04, 0x04, 0x04, 0x04, 0x04, 0x13,
	0xee, 0xff, 0xba, 0x62, 0x00, 0x04, 0x04, 0x04, 0x04, 0x04, 0x04, 0x04, 0x13, 0xef, 0xff, 0xb8,
	0x62, 0x00, 0x04, 0x04, 0x04, 0x04, 0x04, 0x04, 0x04, 0x00, 0x5d, 0x94, 0x10, 0x00, 0x04, 0x04,
	0x04, 0x04, 0x04, 0x04, 0x04, 0x04, 0x05, 0x00, 0x01, 0x13, 0x0b, 0x04, 0x05, 0x05, 0x05, 0x05,
	0x05, 0x05, 0x05, 0x05, 0x04, 0x08, 0x13, 0x0f, 0x04, 0x05, 0x05, 0x05, 0x05, 0x05, 0x05, 0x05,
	0x06, 0x05, 0x0a, 0x11, 0x11, 0x05, 0x06, 0x06, 0x06, 0x06, 0x06, 0x06, 0x06, 0x05, 0x00, 0x00,
	0x11, 0x0f, 0x04, 0x04, 0x04, 0x04, 0x04, 0x04, 0x04, 0x04, 0x00, 0x5d, 0x94, 0x18, 0x00, 0x02,
	0x04, 0x04, 0x04, 0x04, 0x04, 0x04, 0x04, 0x13, 0xee, 0xff, 0xb9, 0x8b, 0x0e, 0x01, 0x04, 0x04,
	0x04, 0x04, 0x04, 0x04, 0x13, 0xef, 0xff, 0xb6, 0x8c, 0x0e, 0x01, 0x04, 0x04, 0x04, 0x04, 0x04,
	0x04, 0x00, 0x5d, 0x94, 0x10, 0x00, 0x02, 0x04, 0x04, 0x04, 0x04, 0x04, 0x04, 0x04, 0x05, 0x00,
	0x01, 0x13, 0x0b, 0x04, 0x05, 0x05, 0x05, 0x05, 0x05, 0x05, 0x05, 0x05, 0x04, 0x08, 0x13, 0x0f,
	0x04, 0x05, 0x05, 0x05, 0x05, 0x05, 0x05, 0x05, 0x06, 0x05, 0x0a, 0x11, 0x11, 0x05, 0x06, 0x06,
	0x06, 0x06, 0x06, 0x06, 0x06, 0x05, 0x00, 0x00, 0x11, 0x0f, 0x04, 0x04, 0x04, 0x04, 0x04, 0x04,
	0x04, 0x04, 0x00, 0x5d, 0x94, 0x18, 0x00, 0x00, 0x05, 0x04, 0x04, 0x04, 0x04, 0x04, 0x04, 0x13,
	0xee, 0xff, 0xb6, 0x99, 0x35, 0x00, 0x04, 0x04, 0x04, 0x04, 0x04, 0x04, 0x13, 0xef, 0xff, 0xb5,
	0x99, 0x35, 0x00, 0x04, 0x04, 0x04, 0x04, 0x04, 0x04, 0x00, 0x5d, 0x94, 0x10, 0x00, 0x00, 0x05,
	0x04, 0x04, 0x04, 0x04, 0x04, 0x04, 0x05, 0x00, 0x01, 0x13, 0x0b, 0x04, 0x05, 0x05, 0x05, 0x05,
	0x05, 0x05, 0x05, 0x05, 0x04, 0x08, 0x13, 0x0f, 0x04, 0x05, 0x05, 0x05, 0x05, 0x05, 0x05, 0x05,
	0x06, 0x05, 0x0a, 0x11, 0x11, 0x05, 0x06, 0x06, 0x06, 0x06, 0x06, 0x06, 0x06, 0x05, 0x00, 0x00,
	0x11, 0x0f, 0x04, 0x04, 0x04, 0x04, 0x04, 0x04, 0x04, 0x04, 0x00, 0x5d, 0x94, 0x18, 0x00, 0x00,
	0x05, 0x04, 0x04, 0x04, 0x04, 0x04, 0x04, 0x13, 0xee, 0xff, 0xb6, 0x9a, 0x67, 0x00, 0x03, 0x04,
	0x04, 0x04, 0x04, 0x04, 0x13, 0xef, 0xff, 0xb4, 0x9a, 0x67, 0x00, 0x03, 0x04, 0x04, 0x04, 0x04,
	0x04, 0x00, 0x5d, 0x94, 0x10, 0x00, 0x00, 0x05, 0x04, 0x04, 0x04, 0x04, 0x04, 0x04, 0x05, 0x00,
	0x01, 0x13, 0x0b, 0x04, 0x05, 0x05, 0x05, 0x05, 0x05, 0x05, 0x05, 0x05, 0x04, 0x08, 0x13, 0x0f,
	0x04, 0x05, 0x05, 0x05, 0x05, 0x05, 0x05, 0x05, 0x06, 0x05, 0x0a, 0x11, 0x11, 0x05, 0x06, 0x06,
	0x06, 0x06, 0x06, 0x06, 0x06, 0x05, 0x00, 0x00, 0x11, 0x0f, 0x04, 0x04, 0x04, 0x04, 0x04, 0x04,
	0x04, 0x04, 0x00, 0x5d, 0x94, 0x18, 0x00, 0x00, 0x03, 0x05, 0x04, 0x04, 0x04, 0x04, 0x04, 0x13,
	0xee, 0xff, 0xb6, 0x9a, 0x90, 0x11, 0x01, 0x04, 0x04, 0x04, 0x04, 0x04, 0x13, 0xef, 0xff, 0xb4,
	0x9a, 0x8f, 0x11, 0x01, 0x04, 0x04, 0x04, 0x04, 0x04, 0x00, 0x5d, 0x94, 0x10, 0x00, 0x00, 0x03,
	0x05, 0x04, 0x04, 0x04, 0x04, 0x04, 0x05, 0x00, 0x01, 0x13, 0x0b, 0x04, 0x05, 0x05, 0x05, 0x05,
	0x05, 0x05, 0x05, 0x05, 0x04, 0x08, 0x13, 0x0f, 0x04, 0x05, 0x05, 0x05, 0x05, 0x05, 0x05, 0x05,
	0x06, 0x05, 0x0a, 0x11, 0x11, 0x05, 0x06, 0x06, 0x06, 0x06, 0x06, 0x06, 0x06, 0x05, 0x00, 0x00,
	0x11, 0x0f, 0x04, 0x04, 0x04, 0x04, 0x04, 0x04, 0x04, 0x04, 0x00, 0x5d, 0x94, 0x18, 0x00, 0x00,
	0x00, 0x05, 0x04, 0x04, 0x04, 0x04, 0x04, 0x13, 0xee, 0xff, 0xb6, 0x9a, 0x9a, 0x3b, 0x00, 0x04,
	0x04, 0x04, 0x04, 0x04, 0x13, 0xef, 0xff, 0xb4, 0x9a, 0x98, 0x3a, 0x00, 0x04, 0x04, 0x04, 0x04,
	0x04, 0x00, 0x5d, 0x94, 0x10, 0x00, 0x00, 0x00, 0x05, 0x04, 0x04, 0x04, 0x04, 0x04, 0x05, 0x00,
	0x01, 0x13, 0x0b, 0x04, 0x05, 0x05, 0x05, 0x05, 0x05, 0x05, 0x05, 0x05, 0x04, 0x08, 0x13, 0x0f,
	0x04, 0x05, 0x05, 0x05, 0x05, 0x05, 0x05, 0x05, 0x06, 0x05, 0x0a, 0x11, 0x11, 0x05, 0x06, 0x06,
	0x06, 0x06, 0x06, 0x06, 0x06, 0x05, 0x00, 0x00, 0x11, 0x0f, 0x04, 0x04, 0x04, 0x04, 0x04, 0x04,
	0x04, 0x04, 0x00, 0x5d, 0x94, 0x18, 0x00, 0x00, 0x00, 0x05, 0x04, 0x04, 0x04, 0x04, 0x04, 0x13,
	0xee, 0xff, 0xb6, 0x9a, 0x9b, 0x6d, 0x00, 0x03, 0x04, 0x04, 0x04, 0x04, 0x13, 0xef, 0xff, 0xb4,
	0x9a, 0x9a, 0x6c, 0x00, 0x03, 0x04, 0x04, 0x04, 0x04, 0x00, 0x5d, 0x94, 0x10, 0x00, 0x00, 0x00,
	0x05, 0x04, 0x04, 0x04, 0x04, 0x04, 0x05, 0x00, 0x01, 0x13, 0x0b, 0x04, 0x05, 0x05, 0x05, 0x05,
	0x05, 0x05, 0x05, 0x05, 0x04, 0x08, 0x13, 0x0f, 0x04, 0x05, 0x05, 0x05, 0x05, 0x05, 0x05, 0x05,
	0x06, 0x05, 0x0a, 0x11, 0x11, 0x05, 0x06, 0x06, 0x06, 0x06, 0x06, 0x06, 0x06, 0x05, 0x00, 0x00,
	0x11, 0x0f, 0x04, 0x04, 0x04, 0x04, 0x04, 0x04, 0x04, 0x04, 0x00, 0x5d, 0x94, 0x18, 0x00, 0x00,
	0x00, 0x03, 0x05, 0x04, 0x04, 0x04, 0x04, 0x13, 0xee, 0xff, 0xb6, 0x9a, 0x9b, 0x93, 0x14, 0x01,
	0x04, 0x04, 0x04, 0x04, 0x13, 0xef, 0xff, 0xb4, 0x9a, 0x99, 0x92, 0x14, 0x01, 0x04, 0x04, 0x04,
	0x04, 0x00, 0x5d, 0x94, 0x10, 0x00, 0x00, 0x00, 0x03, 0x05, 0x04, 0x04, 0x04, 0x04, 0x05, 0x00,
	0x01, 0x13, 0x0b, 0x04, 0x05, 0x05, 0x05, 0x05, 0x05, 0x05, 0x05, 0x05, 0x04, 0x08, 0x13, 0x0f,
	0x04, 0x05, 0x05, 0x05, 0x05, 0x05, 0x05, 0x05, 0x06, 0x05, 0x0a, 0x11, 0x11, 0x05, 0x06, 0x06,
	0x06, 0x06, 0x06, 0x06, 0x06, 0x05, 0x00, 0x00, 0x11, 0x0f, 0x04, 0x04, 0x04, 0x04, 0x04, 0x04,
	0x04, 0x04, 0x00, 0x5d, 0x94, 0x18, 0x00, 0x00, 0x00, 0x00, 0x05, 0x04, 0x04, 0x04, 0x04, 0x13,
	0xee, 0xff, 0xb6, 0x9a, 0x9a, 0x9a, 0x3e, 0x00, 0x04, 0x04, 0x04, 0x04, 0x13, 0xef, 0xff, 0xb4,
	0x9a, 0x99, 0x99, 0x3e, 0x00, 0x04, 0x04, 0x04, 0x04, 0x00, 0x5d, 0x94, 0x10, 0x00, 0x00, 0x00,
	0x00, 0x05, 0x04, 0x04, 0x04, 0x04, 0x05, 0x00, 0x01, 0x13, 0x0b, 0x04, 0x05, 0x05, 0x05, 0x05,
	0x05, 0x05, 0x05, 0x05, 0x04, 0x08, 0x13, 0x0f, 0x04, 0x05, 0x05, 0x05, 0x05, 0x05, 0x05, 0x05,
	0x06, 0x05, 0x0a, 0x11, 0x11, 0x05, 0x06, 0x06, 0x06, 0x06, 0x06, 0x06, 0x06, 0x05, 0x00, 0x00,
	0x11, 0x0f, 0x04, 0x04, 0x04, 0x04, 0x04, 0x04, 0x04, 0x04, 0x00, 0x5d, 0x94, 0x18, 0x00, 0x00,
	0x00, 0x00, 0x04, 0x04, 0x04, 0x04, 0x04, 0x13, 0xee, 0xff, 0xb6, 0xa2, 0x9b, 0x9b, 0x71, 0x00,
	0x03, 0x04, 0x04, 0x04, 0x13, 0xef, 0xff, 0xb4, 0x99, 0x98, 0x9a, 0x6f, 0x00, 0x03, 0x04, 0x04,
	0x04, 0x00, 0x5d, 0x94, 0x10, 0x00, 0x00, 0x00, 0x00, 0x04, 0x04, 0x04, 0x04, 0x04, 0x05, 0x00,
	0x01, 0x13, 0x0b, 0x04, 0x05, 0x05, 0x05, 0x05, 0x05, 0x05, 0x05, 0x05, 0x04, 0x08, 0x13, 0x0f,
	0x04, 0x05, 0x05, 0x05, 0x05, 0x05, 0x05, 0x05, 0x06, 0x05, 0x0a, 0x11, 0x11, 0x05, 0x06, 0x06,
	0x06, 0x06, 0x06, 0x06, 0x06, 0x05, 0x00, 0x00, 0x11, 0x0f, 0x04, 0x04, 0x04, 0x04, 0x04, 0x04,
	0x04, 0x04, 0x00, 0x5d, 0x94, 0x18, 0x00, 0x00, 0x00, 0x00, 0x02, 0x05, 0x04, 0x04, 0x04, 0x13,
	0xee, 0xff, 0xb5, 0xaf, 0x9f, 0x9a, 0x95, 0x16, 0x01, 0x04, 0x04, 0x04, 0x13, 0xef, 0xff, 0xb5,
	0x98, 0x98, 0x9a, 0x93, 0x16, 0x01, 0x04, 0x04, 0x04, 0x00, 0x5d, 0x94, 0x10, 0x00, 0x00, 0x00,
	0x00, 0x02, 0x05, 0x04, 0x04, 0x04, 0x05, 0x00, 0x01, 0x13, 0x0b, 0x04, 0x05, 0x05, 0x05, 0x05,
	0x05, 0x05, 0x05, 0x05, 0x04, 0x08, 0x13, 0x0f, 0x04, 0x05, 0x05, 0x05, 0x05, 0x05, 0x05, 0x05,
	0x06, 0x05, 0x0a, 0x11, 0x11, 0x05, 0x06, 0x06, 0x06, 0x06, 0x06, 0x06, 0x06, 0x05, 0x00, 0x00,
	0x11, 0x0e, 0x04, 0x05, 0x04, 0x04, 0x04, 0x04, 0x04, 0x04, 0x00, 0x5d, 0x94, 0x17, 0x06, 0x00,
	0x00, 0x00, 0x00, 0x05, 0x04, 0x04, 0x04, 0x13, 0xee, 0xff, 0xb3, 0xbe, 0xab, 0x98, 0x9b, 0x42,
	0x00, 0x04, 0x04, 0x04, 0x13, 0xef, 0xff, 0xb5, 0x97, 0x97, 0x99, 0x99, 0x42, 0x00, 0x04, 0x04,
	0x04, 0x00, 0x5d, 0x94, 0x10, 0x00, 0x00, 0x00, 0x00, 0x00, 0x05, 0x04, 0x04, 0x04, 0x05, 0x00,
	0x01, 0x13, 0x0b, 0x04, 0x05, 0x05, 0x05, 0x05, 0x05, 0x05, 0x05, 0x05, 0x04, 0x08, 0x13, 0x0f,
	0x04, 0x05, 0x05, 0x05, 0x05, 0x05, 0x05, 0x05, 0x06, 0x05, 0x0a, 0x11, 0x11, 0x05, 0x06, 0x06,
	0x06, 0x06, 0x06, 0x06, 0x06, 0x05, 0x00, 0x00, 0x11, 0x0d, 0x03, 0x05, 0x04, 0x04, 0x04, 0x04,
	0x04, 0x04, 0x00, 0x5d, 0x94, 0x16, 0x0f, 0x05, 0x00, 0x00, 0x00, 0x04, 0x04, 0x04, 0x04, 0x13,
	0xee, 0xff, 0xb1, 0xca, 0xc2, 0x96, 0x9b, 0x74, 0x01, 0x03, 0x04, 0x04, 0x13, 0xef, 0xff, 0xb5,
	0x96, 0x95, 0x9a, 0x9a, 0x74, 0x01, 0x03, 0x04, 0x04, 0x00, 0x5d, 0x94, 0x10, 0x00, 0x00, 0x00,
	0x00, 0x00, 0x04, 0x04, 0x04, 0x04, 0x05, 0x00, 0x01, 0x13, 0x0b, 0x04, 0x05, 0x05, 0x05, 0x05,
	0x05, 0x05, 0x05, 0x05, 0x04, 0x08, 0x13, 0x0f, 0x04, 0x05, 0x05, 0x05, 0x05, 0x05, 0x05, 0x05,
	0x06, 0x05, 0x0a, 0x11, 0x11, 0x05, 0x06, 0x06, 0x06, 0x06, 0x06, 0x06, 0x06, 0x05, 0x00, 0x00,
	0x12, 0x0c, 0x00, 0x06, 0x04, 0x04, 0x04, 0x04, 0x04, 0x04, 0x00, 0x5d, 0x94, 0x14, 0x1a, 0x1c,
	0x00, 0x00, 0x00, 0x02, 0x05, 0x04, 0x04, 0x13, 0xee, 0xff, 0xb1, 0xcf, 0xda, 0x95, 0x9b, 0x97,
	0x19, 0x00, 0x04, 0x04, 0x13, 0xef, 0xff, 0xb5, 0x95, 0x93, 0x9a, 0x9a, 0x96, 0x19, 0x00, 0x04,
	0x04, 0x00, 0x5d, 0x94, 0x10, 0x00, 0x00, 0x00, 0x00, 0x00, 0x02, 0x05, 0x04, 0x04, 0x05, 0x00,
	0x01, 0x13, 0x0b, 0x04, 0x05, 0x05, 0x05, 0x05, 0x05, 0x05, 0x05, 0x05, 0x04, 0x08, 0x13, 0x0f,
	0x04, 0x05, 0x05, 0x05, 0x05, 0x05, 0x05, 0x05, 0x06, 0x05, 0x0a, 0x11, 0x11, 0x05, 0x06, 0x06,
	0x06, 0x06, 0x06, 0x06, 0x06, 0x05, 0x00, 0x00, 0x12, 0x0c, 0x00, 0x06, 0x04, 0x04, 0x04, 0x04,
	0x04, 0x04, 0x00, 0x5d, 0x94, 0x13, 0x23, 0x41, 0x00, 0x00, 0x00, 0x00, 0x05, 0x04, 0x04, 0x13,
	0xee, 0xff, 0xb1, 0xd0, 0xea, 0x95, 0x9a, 0x9b, 0x47, 0x00, 0x04, 0x04, 0x13, 0xef, 0xff, 0xb5,
	0x95, 0x91, 0x9b, 0x99, 0x9a, 0x46, 0x00, 0x04, 0x04, 0x00, 0x5d, 0x94, 0x10, 0x00, 0x00, 0x00,
	0x00, 0x00, 0x00, 0x05, 0x04, 0x04, 0x05, 0x00, 0x01, 0x13, 0x0b, 0x04, 0x05, 0x05, 0x05, 0x05,
	0x05, 0x05, 0x05, 0x05, 0x04, 0x08, 0x13, 0x0f, 0x04, 0x05, 0x05, 0x05, 0x05, 0x05, 0x05, 0x05,
	0x06, 0x05, 0x0a, 0x11, 0x11, 0x05, 0x06, 0x06, 0x06, 0x06, 0x06, 0x06, 0x06, 0x05, 0x00, 0x00,
	0x12, 0x0d, 0x00, 0x05, 0x04, 0x04, 0x04, 0x04, 0x04, 0x04, 0x00, 0x5d, 0x94, 0x13, 0x26, 0x6f,
	0x00, 0x00, 0x00, 0x00, 0x04, 0x04, 0x04, 0x13, 0xee, 0xff, 0xb1, 0xcf, 0xf0, 0x97, 0x9a, 0x9b,
	0x78, 0x02, 0x03, 0x04, 0x13, 0xef, 0xff, 0xb5, 0x95, 0x90, 0x9a, 0x99, 0x9a, 0x77, 0x02, 0x03,
	0x04, 0x00, 0x5d, 0x94, 0x10, 0x00, 0x00, 0x00, 0x00, 0x00, 0x00, 0x04, 0x04, 0x04, 0x05, 0x00,
	0x01, 0x13, 0x0b, 0x04, 0x05, 0x05, 0x05, 0x05, 0x05, 0x05, 0x05, 0x05, 0x04, 0x08, 0x13, 0x0f,
	0x04, 0x05, 0x05, 0x05, 0x05, 0x05, 0x05, 0x05, 0x06, 0x05, 0x0a, 0x11, 0x11, 0x04, 0x06, 0x06,
	0x06, 0x06, 0x06, 0x06, 0x06, 0x05, 0x00, 0x00, 0x12, 0x0d, 0x06, 0x05, 0x04, 0x04, 0x04, 0x04,
	0x04, 0x04, 0x00, 0x5d, 0x94, 0x13, 0x25, 0x9d, 0x00, 0x00, 0x00, 0x00, 0x02, 0x05, 0x04, 0x13,
	0xee, 0xff, 0xb1, 0xcf, 0xef, 0x97, 0x9a, 0x9b, 0x97, 0x1c, 0x00, 0x04, 0x13, 0xef, 0xff, 0xb5,
	0x95, 0x90, 0x9a, 0x99, 0x9a, 0x97, 0x1d, 0x00, 0x04, 0x00, 0x5d, 0x94, 0x10, 0x00, 0x00, 0x00,
	0x00, 0x00, 0x00, 0x02, 0x05, 0x04, 0x05, 0x00, 0x01, 0x13, 0x0b, 0x04, 0x05, 0x05, 0x05, 0x05,
	0x05, 0x05, 0x05, 0x05, 0x04, 0x08, 0x13, 0x0f, 0x04, 0x05, 0x05, 0x05, 0x05, 0x05, 0x05, 0x05,
	0x06, 0x05, 0x0a, 0x11, 0x11, 0x01, 0x06, 0x06, 0x06, 0x06, 0x06, 0x06, 0x06, 0x05, 0x00, 0x00,
	0x12, 0x0c, 0x1c, 0x08, 0x04, 0x04, 0x04, 0x04, 0x04, 0x04, 0x00, 0x5d, 0x94, 0x13, 0x23, 0xbe,
	0x07, 0x00, 0x00, 0x00, 0x00, 0x05, 0x04, 0x13, 0xee, 0xff, 0xb1, 0xcf, 0xeb, 0x96, 0x9b, 0x9a,
	0x9b, 0x4d, 0x00, 0x04, 0x13, 0xef, 0xff, 0xb5, 0x95, 0x90, 0x9a, 0x99, 0x99, 0x9a, 0x4c, 0x00,
	0x04, 0x00, 0x5d, 0x94, 0x10, 0x00, 0x00, 0x00, 0x00, 0x00, 0x00, 0x00, 0x05, 0x04, 0x05, 0x00,
	0x01, 0x13, 0x0b, 0x04, 0x05, 0x05, 0x05, 0x05, 0x05, 0x05, 0x05, 0x05, 0x04, 0x08, 0x13, 0x0f,
	0x04, 0x05, 0x05, 0x05, 0x05, 0x05, 0x05, 0x05, 0x06, 0x05, 0x0a, 0x11, 0x11, 0x00, 0x04, 0x06,
	0x06, 0x06, 0x06, 0x06, 0x06, 0x05, 0x00, 0x00, 0x12, 0x0a, 0x3a, 0x14, 0x02, 0x04, 0x04, 0x04,
	0x04, 0x04, 0x00, 0x5d, 0x94, 0x13, 0x21, 0xd0, 0x16, 0x00, 0x00, 0x00, 0x00, 0x04, 0x04, 0x13,
	0xee, 0xff, 0xb0, 0xd0, 0xe9, 0x94, 0x9b, 0x9a, 0x9b, 0x7d, 0x04, 0x03, 0x13, 0xef, 0xff, 0xb5,
	0x95, 0x90, 0x9a, 0x99, 0x99, 0x9a, 0x7c, 0x04, 0x03, 0x00, 0x5d, 0x94, 0x10, 0x00, 0x00, 0x00,
	0x00, 0x00, 0x00, 0x00, 0x04, 0x04, 0x05, 0x00, 0x01, 0x13, 0x0b, 0x04, 0x05, 0x05, 0x05, 0x05,
	0x05, 0x05, 0x05, 0x05, 0x04, 0x08, 0x13, 0x0f, 0x04, 0x05, 0x05, 0x05, 0x05, 0x05, 0x05, 0x05,
	0x06, 0x05, 0x0a, 0x11, 0x11, 0x00, 0x02, 0x07, 0x06, 0x06, 0x06, 0x06, 0x06, 0x05, 0x00, 0x00,
	0x12, 0x07, 0x59, 0x2f, 0x00, 0x04, 0x04, 0x04, 0x04, 0x04, 0x00, 0x5d, 0x94, 0x13, 0x20, 0xd5,
	0x22, 0x00, 0x00, 0x00, 0x00, 0x01, 0x05, 0x13, 0xee, 0xff, 0xb0, 0xd0, 0xe9, 0x93, 0x9c, 0x9a,
	0x9b, 0x99, 0x22, 0x00, 0x13, 0xef, 0xff, 0xb5, 0x95, 0x90, 0x9a, 0x99, 0x99, 0x9a, 0x97, 0x22,
	0x00, 0x00, 0x5d, 0x94, 0x10, 0x00, 0x00, 0x00, 0x00, 0x00, 0x00, 0x00, 0x01, 0x05, 0x05, 0x00,
	0x01, 0x13, 0x0b, 0x04, 0x05, 0x05, 0x05, 0x05, 0x05, 0x05, 0x05, 0x05, 0x04, 0x08, 0x13, 0x0f,
	0x04, 0x05, 0x05, 0x05, 0x05, 0x05, 0x05, 0x05, 0x06, 0x05, 0x0a, 0x11, 0x10, 0x06, 0x0c, 0x06,
	0x06, 0x06, 0x06, 0x06, 0x06, 0x05, 0x00, 0x00, 0x12, 0x03, 0x75, 0x58, 0x00, 0x04, 0x04, 0x04,
	0x04, 0x04, 0x00, 0x5d, 0x94, 0x13, 0x20, 0xd4, 0x23, 0x00, 0x00, 0x00, 0x00, 0x01, 0x05, 0x13,
	0xee, 0xff, 0xb0, 0xd0, 0xe9, 0x93, 0x9c, 0x9a, 0x9b, 0x99, 0x24, 0x00, 0x13, 0xef, 0xff, 0xb5,
	0x95, 0x90, 0x9a, 0x99, 0x99, 0x9a, 0x97, 0x23, 0x00, 0x00, 0x5d, 0x94, 0x10, 0x00, 0x00, 0x00,
	0x00, 0x00, 0x00, 0x00, 0x01, 0x05, 0x05, 0x00, 0x01, 0x13, 0x0b, 0x04, 0x05, 0x05, 0x05, 0x05,
	0x05, 0x05, 0x05, 0x05, 0x04, 0x08, 0x13, 0x0f, 0x04, 0x05, 0x05, 0x05, 0x05, 0x05, 0x05, 0x05,
	0x06, 0x05, 0x0a, 0x11, 0x10, 0x07, 0x13, 0x05, 0x06, 0x06, 0x06, 0x06, 0x06, 0x05, 0x00, 0x00,
	0x12, 0x03, 0x7a, 0x7d, 0x00, 0x04, 0x04, 0x04, 0x04, 0x04, 0x00, 0x5d, 0x94, 0x13, 0x21, 0xd4,
	0x22, 0x00, 0x00, 0x00, 0x00, 0x01, 0x05, 0x13, 0xee, 0xff, 0xb0, 0xd0, 0xe8, 0x92, 0x9c, 0x9a,
	0x9b, 0x99, 0x27, 0x00, 0x13, 0xef, 0xff, 0xb5, 0x95, 0x90, 0x9a, 0x99, 0x99, 0x9a, 0x97, 0x26,
	0x00, 0x00, 0x5d, 0x94, 0x10, 0x00, 0x00, 0x00, 0x00, 0x00, 0x00, 0x00, 0x01, 0x05, 0x05, 0x00,
	0x01, 0x13, 0x0b, 0x04, 0x05, 0x05, 0x05, 0x05, 0x05, 0x05, 0x05, 0x05, 0x04, 0x08, 0x13, 0x0f,
	0x04, 0x05, 0x05, 0x05, 0x05, 0x05, 0x05, 0x05, 0x06, 0x05, 0x0a, 0x11, 0x10, 0x07, 0x1a, 0x06,
	0x06, 0x06, 0x06, 0x06, 0x06, 0x05, 0x00, 0x00, 0x12, 0x03, 0x78, 0xad, 0x00, 0x04, 0x04, 0x04,
	0x04, 0x04, 0x00, 0x5d, 0x94, 0x13, 0x21, 0xd4, 0x29, 0x00, 0x00, 0x00, 0x00, 0x00, 0x05, 0x13,
	0xee, 0xff, 0xb0, 0xd0, 0xe9, 0x92, 0x9c, 0x9a, 0x9b, 0x99, 0x2c, 0x00, 0x13, 0xef, 0xff, 0xb5,
	0x95, 0x90, 0x9a, 0x9a, 0x99, 0x9a, 0x97, 0x2c, 0x00, 0x00, 0x5d, 0x94, 0x10, 0x00, 0x00, 0x00,
	0x00, 0x00, 0x00, 0x00, 0x00, 0x05, 0x05, 0x00, 0x01, 0x13, 0x0b, 0x04, 0x05, 0x05, 0x05, 0x05,
	0x05, 0x05, 0x05, 0x05, 0x04, 0x08, 0x13, 0x0f, 0x04, 0x05, 0x05, 0x05, 0x05, 0x05, 0x05, 0x05,
	0x06, 0x05, 0x0a, 0x11, 0x10, 0x06, 0x1f, 0x07, 0x05, 0x06, 0x06, 0x06, 0x06, 0x05, 0x00, 0x00,
	0x12, 0x03, 0x74, 0xd5, 0x08, 0x03, 0x04, 0x04, 0x04, 0x04, 0x00, 0x5d, 0x94, 0x13, 0x21, 0xd3,
	0x2e, 0x00, 0x00, 0x00, 0x00, 0x00, 0x05, 0x13, 0xee, 0xff, 0xb0, 0xd0, 0xe9, 0x91, 0x9b, 0x9a,
	0x9b, 0x99, 0x36, 0x00, 0x13, 0xef, 0xff, 0xb5, 0x95, 0x90, 0x9a, 0x9a, 0x99, 0x9a, 0x97, 0x35,
	0x00, 0x00, 0x5d, 0x94, 0x10, 0x00, 0x00, 0x00, 0x00, 0x00, 0x00, 0x00, 0x00, 0x05, 0x05, 0x00,
	0x01, 0x13, 0x0b, 0x04, 0x05, 0x05, 0x05, 0x05, 0x05, 0x05, 0x05, 0x05, 0x04, 0x08, 0x13, 0x0f,
	0x04, 0x05, 0x05, 0x05, 0x05, 0x05, 0x05, 0x05, 0x06, 0x05, 0x0a, 0x11, 0x10, 0x06, 0x23, 0x0b,
	0x05, 0x06, 0x06, 0x06, 0x06, 0x05, 0x00, 0x00, 0x12, 0x03, 0x71, 0xec, 0x22, 0x00, 0x04, 0x04,
	0x04, 0x04, 0x00, 0x5d, 0x94, 0x13, 0x21, 0xd3, 0x31, 0x00, 0x00, 0x00, 0x00, 0x00, 0x05, 0x13,
	0xee, 0xff, 0xb0, 0xd0, 0xe8, 0x90, 0x9a, 0x9b, 0x9b, 0x99, 0x43, 0x00, 0x13, 0xef, 0xff, 0xb5,
	0x95, 0x93, 0x9c, 0x99, 0x99, 0x9a, 0x97, 0x43, 0x00, 0x00, 0x5d, 0x94, 0x10, 0x00, 0x00, 0x00,
	0x00, 0x00, 0x00, 0x00, 0x00, 0x05, 0x05, 0x00, 0x01, 0x13, 0x0b, 0x04, 0x05, 0x05, 0x05, 0x05,
	0x05, 0x05, 0x05, 0x05, 0x04, 0x08, 0x13, 0x0f, 0x04, 0x05, 0x05, 0x05, 0x05, 0x05, 0x05, 0x05,
	0x06, 0x05, 0x0a, 0x11, 0x10, 0x05, 0x24, 0x10, 0x05, 0x06, 0x06, 0x06, 0x06, 0x05, 0x00, 0x00,
	0x12, 0x03, 0x6f, 0xee, 0x47, 0x00, 0x04, 0x04, 0x04, 0x04, 0x00, 0x5d, 0x94, 0x13, 0x21, 0xd2,
	0x31, 0x00, 0x00, 0x00, 0x00, 0x00, 0x05, 0x13, 0xee, 0xff, 0xb0, 0xd0, 0xe8, 0x90, 0x9a, 0x9b,
	0x9b, 0x9a, 0x54, 0x00, 0x13, 0xef, 0xff, 0xb5, 0x94, 0x98, 0xa2, 0x99, 0x99, 0x99, 0x99, 0x53,
	0x00, 0x00, 0x5d, 0x94, 0x10, 0x00, 0x00, 0x00, 0x00, 0x00, 0x00, 0x00, 0x00, 0x05, 0x05, 0x00,
	0x01, 0x13, 0x0b, 0x04, 0x05, 0x05, 0x05, 0x05, 0x05, 0x05, 0x05, 0x05, 0x04, 0x08, 0x13, 0x0f,
	0x04, 0x05, 0x05, 0x05, 0x05, 0x05, 0x05, 0x05, 0x06, 0x05, 0x0a, 0x11, 0x10, 0x06, 0x24, 0x16,
	0x04, 0x06, 0x06, 0x06, 0x06, 0x05, 0x00, 0x00, 0x12, 0x03, 0x6e, 0xee, 0x70, 0x00, 0x04, 0x04,
	0x04, 0x05, 0x00, 0x5d, 0x94, 0x13, 0x21, 0xd2, 0x32, 0x03, 0x00, 0x00, 0x00, 0x00, 0x05, 0x13,
	0xee, 0xff, 0xb0, 0xd0, 0xe8, 0x8f, 0x99, 0x9b, 0x9a, 0x9c, 0x68, 0x00, 0x13, 0xef, 0xff, 0xb5,
	0x94, 0x9c, 0xae, 0x97, 0x99, 0x99, 0x9b, 0x67, 0x00, 0x00, 0x5d, 0x94, 0x10, 0x00, 0x00, 0x00,
	0x00, 0x00, 0x00, 0x00, 0x00, 0x05, 0x05, 0x00, 0x01, 0x13, 0x0b, 0x04, 0x04, 0x05, 0x05, 0x05,
	0x05, 0x05, 0x05, 0x05, 0x04, 0x08, 0x13, 0x0f, 0x04, 0x05, 0x05, 0x05, 0x05, 0x05, 0x05, 0x05,
	0x06, 0x05, 0x0a, 0x11, 0x10, 0x06, 0x24, 0x1b, 0x05, 0x06, 0x06, 0x06, 0x06, 0x05, 0x00, 0x00,
	0x12, 0x03, 0x6e, 0xee, 0x98, 0x00, 0x04, 0x04, 0x04, 0x05, 0x00, 0x5d, 0x94, 0x13, 0x21, 0xd2,
	0x32, 0x09, 0x00, 0x00, 0x00, 0x00, 0x05, 0x13, 0xee, 0xff, 0xb0, 0xd0, 0xe8, 0x8d, 0x99, 0x9b,
	0x9a, 0xa0, 0x7e, 0x00, 0x13, 0xef, 0xff, 0xb5, 0x94, 0x9f, 0xc3, 0x96, 0x99, 0x99, 0x9f, 0x7f,
	0x00, 0x00, 0x5d, 0x94, 0x10, 0x00, 0x00, 0x04, 0x00, 0x00, 0x00, 0x00, 0x00, 0x05, 0x05, 0x00,
	0x01, 0x13, 0x0b, 0x03, 0x03, 0x05, 0x05, 0x05, 0x05, 0x05, 0x05, 0x05, 0x04, 0x08, 0x13, 0x0f,
	0x04, 0x05, 0x05, 0x05, 0x05, 0x05, 0x05, 0x05, 0x06, 0x05, 0x0a, 0x11, 0x10, 0x06, 0x24, 0x1f,
	0x06, 0x05, 0x06, 0x06, 0x06, 0x05, 0x00, 0x00, 0x12, 0x03, 0x6e, 0xee, 0xba, 0x03, 0x03, 0x04,
	0x04, 0x05, 0x00, 0x5d, 0x94, 0x13, 0x21, 0xd2, 0x31, 0x0d, 0x00, 0x00, 0x00, 0x00, 0x03, 0x13,
	0xee, 0xff, 0xb0, 0xd0, 0xe8, 0x8b, 0x98, 0x9a, 0x99, 0xa5, 0x96, 0x00, 0x13, 0xef, 0xff, 0xb5,
	0x93, 0x9f, 0xde, 0x99, 0x99, 0x98, 0xa4, 0x95, 0x00, 0x00, 0x5d, 0x94, 0x10, 0x00, 0x00, 0x12,
	0x00, 0x00, 0x00, 0x00, 0x00, 0x03, 0x05, 0x00, 0x01, 0x13, 0x0b, 0x03, 0x02, 0x05, 0x05, 0x05,
	0x05, 0x04, 0x05, 0x05, 0x04, 0x08, 0x13, 0x0f, 0x04, 0x05, 0x05, 0x05, 0x05, 0x05, 0x05, 0x05,
	0x06, 0x05, 0x0a, 0x11, 0x10, 0x06, 0x24, 0x23, 0x08, 0x05, 0x06, 0x06, 0x06, 0x05, 0x00, 0x00,
	0x12, 0x03, 0x6e, 0xed, 0xd3, 0x13, 0x01, 0x04, 0x04, 0x05, 0x00, 0x5d, 0x94, 0x13, 0x21, 0xd2,
	0x31, 0x11, 0x00, 0x00, 0x00, 0x03, 0x03, 0x13, 0xee, 0xff, 0xb0, 0xd0, 0xe8, 0x88, 0x96, 0x9a,
	0x99, 0xab, 0xad, 0x04, 0x13, 0xef, 0xff, 0xb5, 0x93, 0x9e, 0xf4, 0x9f, 0x98, 0x98, 0xaa, 0xad,
	0x04, 0x00, 0x5d, 0x94, 0x10, 0x00, 0x00, 0x2b, 0x00, 0x00, 0x00, 0x00, 0x03, 0x03, 0x05, 0x00,
	0x01, 0x13, 0x0b, 0x03, 0x00, 0x05, 0x05, 0x05, 0x04, 0x04, 0x05, 0x05, 0x04, 0x08, 0x13, 0x0f,
	0x04, 0x05, 0x05, 0x05, 0x05, 0x05, 0x05, 0x05, 0x06, 0x05, 0x0a, 0x11, 0x10, 0x06, 0x24, 0x25,
	0x0b, 0x05, 0x06, 0x06, 0x06, 0x05, 0x00, 0x00, 0x12, 0x03, 0x6e, 0xed, 0xe4, 0x2b, 0x00, 0x04,
	0x03, 0x05, 0x00, 0x5d, 0x94, 0x13, 0x21, 0xd2, 0x31, 0x13, 0x00, 0x00, 0x00, 0x09, 0x03, 0x13,
	0xee, 0xff, 0xb0, 0xd0, 0xe8, 0x87, 0x96, 0x9a, 0x99, 0xb2, 0xc3, 0x08, 0x13, 0xef, 0xff, 0xb5,
	0x93, 0x9d, 0xff, 0xa6, 0x98, 0x97, 0xb1, 0xc2, 0x08, 0x00, 0x5d, 0x94, 0x10, 0x00, 0x00, 0x4d,
	0x01, 0x00, 0x00, 0x00, 0x0a, 0x03, 0x05, 0x00, 0x01, 0x13, 0x0b, 0x03, 0x00, 0x04, 0x05, 0x05,
	0x04, 0x03, 0x05, 0x05, 0x04, 0x08, 0x13, 0x0f, 0x04, 0x05, 0x05, 0x05, 0x05, 0x05, 0x05, 0x05,
	0x06, 0x05, 0x0a, 0x11, 0x10, 0x06, 0x24, 0x26, 0x0e, 0x05, 0x06, 0x06, 0x06, 0x05, 0x00, 0x00,
	0x12, 0x03, 0x6e, 0xed, 0xe5, 0x46, 0x00, 0x04, 0x02, 0x05, 0x00, 0x5d, 0x94, 0x13, 0x21, 0xd2,
	0x31, 0x13, 0x01, 0x00, 0x02, 0x12, 0x02, 0x13, 0xee, 0xff, 0xb0, 0xd0, 0xe8, 0x86, 0x95, 0x9a,
	0x98, 0xb9, 0xd5, 0x0e, 0x13, 0xef, 0xff, 0xb5, 0x93, 0x9c, 0xff, 0xab, 0x97, 0x97, 0xb8, 0xd4,
	0x0e, 0x00, 0x5d, 0x94, 0x10, 0x00, 0x00, 0x6f, 0x12, 0x00, 0x00, 0x02, 0x11, 0x02, 0x05, 0x00,
	0x01, 0x13, 0x0b, 0x04, 0x00, 0x03, 0x05, 0x05, 0x03, 0x02, 0x05, 0x05, 0x04, 0x08, 0x13, 0x0f,
	0x04, 0x04, 0x05, 0x05, 0x05, 0x05, 0x05, 0x05, 0x06, 0x05, 0x0a, 0x11, 0x10, 0x06, 0x24, 0x26,
	0x11, 0x05, 0x06, 0x06, 0x06, 0x05, 0x00, 0x00, 0x12, 0x03, 0x6e, 0xed, 0xe5, 0x65, 0x00, 0x03,
	0x01, 0x05, 0x00, 0x5d, 0x94, 0x13, 0x21, 0xd2, 0x31, 0x13, 0x03, 0x00, 0x07, 0x1c, 0x02, 0x13,
	0xee, 0xff, 0xb0, 0xd0, 0xe8, 0x86, 0x95, 0x9a, 0x97, 0xc1, 0xe4, 0x15, 0x13, 0xef, 0xff, 0xb5,
	0x93, 0x9c, 0xff, 0xac, 0x97, 0x96, 0xbf, 0xe3, 0x15, 0x00, 0x5d, 0x94, 0x10, 0x00, 0x00, 0x8c,
	0x2d, 0x00, 0x00, 0x06, 0x1b, 0x02, 0x05, 0x00, 0x01, 0x13, 0x0b, 0x03, 0x03, 0x04, 0x05, 0x05,
	0x03, 0x00, 0x05, 0x05, 0x04, 0x08, 0x13, 0x0f, 0x04, 0x04, 0x04, 0x05, 0x05, 0x05, 0x05, 0x05,
	0x06, 0x05, 0x0a, 0x11, 0x10, 0x06, 0x24, 0x26, 0x13, 0x05, 0x06, 0x06, 0x06, 0x05, 0x00, 0x00,
	0x12, 0x03, 0x6e, 0xed, 0xe5, 0x83, 0x00, 0x03, 0x00, 0x05, 0x00, 0x5d, 0x94, 0x13, 0x21, 0xd2,
	0x31, 0x13, 0x05, 0x00, 0x0b, 0x25, 0x01, 0x13, 0xee, 0xff, 0xb0, 0xd0, 0xe8, 0x86, 0x95, 0x9a,
	0x97, 0xc6, 0xf0, 0x1b, 0x13, 0xef, 0xff, 0xb5, 0x93, 0x9d, 0xff, 0xaa, 0x98, 0x95, 0xc4, 0xf1,
	0x1c, 0x00, 0x5d, 0x94, 0x10, 0x00, 0x00, 0x9d, 0x4c, 0x00, 0x00, 0x0c, 0x25, 0x02, 0x05, 0x00,
	0x01, 0x13, 0x0b, 0x02, 0x0d, 0x0d, 0x04, 0x05, 0x02, 0x00, 0x05, 0x05, 0x04, 0x08, 0x13, 0x0f,
	0x05, 0x02, 0x03, 0x05, 0x05, 0x05, 0x05, 0x05, 0x06, 0x05, 0x0a, 0x11, 0x10, 0x06, 0x24, 0x26,
	0x14, 0x05, 0x06, 0x06, 0x06, 0x05, 0x00, 0x00, 0x12, 0x03, 0x6e, 0xed, 0xe5, 0x94, 0x00, 0x02,
	0x00, 0x05, 0x00, 0x5d, 0x94, 0x13, 0x21, 0xd2, 0x31, 0x13, 0x07, 0x00, 0x10, 0x2f, 0x02, 0x13,
	0xee, 0xff, 0xb0, 0xd0, 0xe8, 0x86, 0x95, 0x9a, 0x97, 0xcb, 0xf8, 0x20, 0x13, 0xef, 0xff, 0xb5,
	0x93, 0x9d, 0xff, 0xa7, 0x98, 0x95, 0xc9, 0xf8, 0x21, 0x00, 0x5d, 0x94, 0x10, 0x00, 0x00, 0xa4,
	0x69, 0x00, 0x00, 0x0f, 0x2f, 0x02, 0x05, 0x00, 0x01, 0x13, 0x0b, 0x00, 0x1a, 0x25, 0x01, 0x05,
	0x02, 0x00, 0x05, 0x05, 0x04, 0x08, 0x13, 0x0f, 0x05, 0x01, 0x01, 0x05, 0x05, 0x05, 0x05, 0x05,
	0x06, 0x05, 0x0a, 0x11, 0x10, 0x06, 0x24, 0x26, 0x16, 0x05, 0x06, 0x06, 0x06, 0x05, 0x00, 0x00,
	0x12, 0x03, 0x6e, 0xed, 0xe5, 0xa3, 0x03, 0x00, 0x00, 0x05, 0x00, 0x5d, 0x94, 0x13, 0x21, 0xd2,
	0x31, 0x13, 0x08, 0x00, 0x13, 0x34, 0x02, 0x13, 0xee, 0xff, 0xb0, 0xd0, 0xe8, 0x86, 0x95, 0x99,
	0x96, 0xce, 0xfb, 0x25, 0x13, 0xef, 0xff, 0xb5, 0x93, 0x9d, 0xff, 0xa5, 0x98, 0x95, 0xcd, 0xfb,
	0x24, 0x00, 0x5d, 0x94, 0x10, 0x00, 0x00, 0xa5, 0x79, 0x00, 0x00, 0x13, 0x34, 0x02, 0x05, 0x00,
	0x01, 0x13, 0x0b, 0x00, 0x24, 0x4e, 0x00, 0x05, 0x01, 0x00, 0x05, 0x05, 0x04, 0x08, 0x13, 0x0f,
	0x05, 0x01, 0x00, 0x05, 0x05, 0x05, 0x05, 0x05, 0x06, 0x05, 0x0a, 0x11, 0x10, 0x06, 0x24, 0x26,
	0x1a, 0x05, 0x06, 0x06, 0x06, 0x05, 0x00, 0x00, 0x12, 0x03, 0x6e, 0xed, 0xe5, 0xb7, 0x09, 0x00,
	0x00, 0x05, 0x00, 0x5d, 0x94, 0x13, 0x21, 0xd2, 0x31, 0x13, 0x0c, 0x00, 0x15, 0x37, 0x02, 0x13,
	0xee, 0xff, 0xb1, 0xd0, 0xe8, 0x86, 0x95, 0x99, 0x96, 0xcf, 0xfd, 0x27, 0x13, 0xef, 0xff, 0xb5,
	0x93, 0x9d, 0xff, 0xa5, 0x98, 0x95, 0xce, 0xfd, 0x27, 0x00, 0x5d, 0x94, 0x10, 0x00, 0x00, 0xa4,
	0x7f, 0x00, 0x00, 0x15, 0x37, 0x02, 0x05, 0x00, 0x01, 0x13, 0x0b, 0x00, 0x28, 0x90, 0x01, 0x05,
	0x01, 0x00, 0x05, 0x05, 0x04, 0x08, 0x13, 0x0f, 0x05, 0x02, 0x07, 0x04, 0x05, 0x05, 0x05, 0x05,
	0x06, 0x05, 0x0a, 0x11, 0x10, 0x06, 0x24, 0x26, 0x20, 0x06, 0x05, 0x06, 0x06, 0x05, 0x00, 0x00,
	0x12, 0x03, 0x6e, 0xed, 0xe5, 0xcd, 0x10, 0x00, 0x00, 0x05, 0x00, 0x5d, 0x94, 0x13, 0x21, 0xd2,
	0x31, 0x13, 0x11, 0x00, 0x15, 0x37, 0x02, 0x13, 0xee, 0xff, 0xb1, 0xd0, 0xe8, 0x86, 0x95, 0x98,
	0x96, 0xcf, 0xfd, 0x27, 0x13, 0xef, 0xff, 0xb5, 0x93, 0x9d, 0xff, 0xa4, 0x98, 0x95, 0xce, 0xfd,
	0x27, 0x00, 0x5d, 0x94, 0x10, 0x00, 0x00, 0xa4, 0x7e, 0x00, 0x00, 0x15, 0x37, 0x02, 0x05, 0x00,
	0x01, 0x13, 0x0b, 0x00, 0x26, 0xac, 0x05, 0x04, 0x01, 0x00, 0x05, 0x05, 0x04, 0x08, 0x13, 0x0f,
	0x05, 0x02, 0x0f, 0x05, 0x05, 0x05, 0x05, 0x05, 0x06, 0x05, 0x0a, 0x11, 0x10, 0x06, 0x24, 0x26,
	0x28, 0x08, 0x05, 0x06, 0x06, 0x05, 0x00, 0x00, 0x12, 0x03, 0x6e, 0xed, 0xe5, 0xe1, 0x1b, 0x00,
	0x00, 0x05, 0x00, 0x5d, 0x94, 0x13, 0x21, 0xd2, 0x31, 0x13, 0x1a, 0x00, 0x13, 0x36, 0x02, 0x13,
	0xee, 0xff, 0xb1, 0xd0, 0xe8, 0x86, 0x95, 0x97, 0x96, 0xcf, 0xfc, 0x26, 0x13, 0xef, 0xff, 0xb5,
	0x93, 0x9d, 0xff, 0xa4, 0x98, 0x95, 0xcd, 0xfc, 0x25, 0x00, 0x5d, 0x94, 0x10, 0x00, 0x00, 0xa4,
	0x7f, 0x00, 0x00, 0x14, 0x36, 0x02, 0x05, 0x00, 0x01, 0x13, 0x0b, 0x00, 0x23, 0xcb, 0x16, 0x02,
	0x01, 0x00, 0x05, 0x05, 0x04, 0x08, 0x13, 0x0f, 0x05, 0x01, 0x14, 0x08, 0x04, 0x05, 0x05, 0x05,
	0x06, 0x05, 0x0a, 0x11, 0x10, 0x06, 0x24, 0x26, 0x36, 0x0c, 0x05, 0x06, 0x06, 0x05, 0x00, 0x00,
	0x12, 0x03, 0x6e, 0xed, 0xe5, 0xf6, 0x28, 0x00, 0x00, 0x05, 0x00, 0x5d, 0x94, 0x13, 0x21, 0xd2,
	0x31, 0x13, 0x28, 0x00, 0x12, 0x33, 0x02, 0x13, 0xee, 0xff, 0xb1, 0xd0, 0xe8, 0x86, 0x95, 0x95,
	0x95, 0xce, 0xfb, 0x24, 0x13, 0xef, 0xff, 0xb5, 0x93, 0x9d, 0xff, 0xa4, 0x97, 0x96, 0xcd, 0xfa,
	0x23, 0x00, 0x5d, 0x94, 0x10, 0x00, 0x00, 0xa3, 0x81, 0x00, 0x00, 0x12, 0x32, 0x02, 0x05, 0x00,
	0x01, 0x13, 0x0b, 0x00, 0x20, 0xe0, 0x34, 0x00, 0x02, 0x00, 0x05, 0x05, 0x04, 0x08, 0x13, 0x0f,
	0x05, 0x01, 0x17, 0x0c, 0x04, 0x05, 0x05, 0x05, 0x06, 0x05, 0x0a, 0x11, 0x10, 0x06, 0x24, 0x26,
	0x47, 0x0f, 0x05, 0x06, 0x06, 0x05, 0x00, 0x00, 0x12, 0x03, 0x6e, 0xed, 0xe5, 0xff, 0x37, 0x00,
	0x00, 0x05, 0x00, 0x5d, 0x94, 0x13, 0x21, 0xd2, 0x31, 0x13, 0x38, 0x00, 0x0e, 0x2c, 0x02, 0x13,
	0xee, 0xff, 0xb1, 0xd0, 0xe8, 0x86, 0x95, 0x94, 0x95, 0xcb, 0xf7, 0x21, 0x13, 0xef, 0xff, 0xb5,
	0x93, 0x9d, 0xff, 0xa4, 0x96, 0x96, 0xca, 0xf7, 0x21, 0x00, 0x5d, 0x94, 0x10, 0x00, 0x00, 0xa3,
	0x81, 0x00, 0x00, 0x10, 0x2d, 0x02, 0x05, 0x00, 0x01, 0x13, 0x0b, 0x00, 0x1e, 0xe7, 0x5d, 0x00,
	0x02, 0x00, 0x05, 0x05, 0x04, 0x08, 0x13, 0x0f, 0x05, 0x01, 0x19, 0x12, 0x03, 0x05, 0x05, 0x05,
	0x06, 0x05, 0x0a, 0x11, 0x10, 0x06, 0x23, 0x27, 0x5a, 0x15, 0x04, 0x06, 0x06, 0x05, 0x00, 0x00,
	0x12, 0x03, 0x6e, 0xed, 0xe7, 0xff, 0x46, 0x00, 0x00, 0x05, 0x00, 0x5d, 0x94, 0x13, 0x21, 0xd2,
	0x30, 0x15, 0x4b, 0x05, 0x0d, 0x2a, 0x02, 0x13, 0xee, 0xff, 0xb1, 0xd0, 0xe8, 0x86, 0x94, 0x92,
	0x95, 0xc9, 0xf4, 0x1e, 0x13, 0xef, 0xff, 0xb5, 0x93, 0x9d, 0xff, 0xa4, 0x95, 0x96, 0xc7, 0xf4,
	0x1e, 0x00, 0x5d, 0x94, 0x10, 0x00, 0x00, 0xa3, 0x81, 0x00, 0x00, 0x0d, 0x29, 0x02, 0x05, 0x00,
	0x01, 0x13, 0x0b, 0x00, 0x1e, 0xe7, 0x8b, 0x00, 0x02, 0x00, 0x05, 0x05, 0x04, 0x08, 0x13, 0x0f,
	0x05, 0x01, 0x19, 0x18, 0x03, 0x05, 0x05, 0x05, 0x06, 0x05, 0x0a, 0x11, 0x10, 0x06, 0x23, 0x29,
	0x6e, 0x1c, 0x03, 0x06, 0x06, 0x05, 0x00, 0x00, 0x12, 0x03, 0x6e, 0xec, 0xe9, 0xff, 0x55, 0x00,
	0x00, 0x05, 0x00, 0x5d, 0x94, 0x13, 0x21, 0xd2, 0x30, 0x17, 0x60, 0x0c, 0x09, 0x24, 0x02, 0x13,
	0xee, 0xff, 0xb1, 0xd0, 0xe8, 0x87, 0x94, 0x91, 0x94, 0xc7, 0xef, 0x1b, 0x13, 0xef, 0xff, 0xb5,
	0x93, 0x9d, 0xff, 0xa4, 0x94, 0x96, 0xc4, 0xee, 0x1a, 0x00, 0x5d, 0x94, 0x10, 0x00, 0x00, 0xa3,
	0x81, 0x05, 0x00, 0x0b, 0x24, 0x02, 0x05, 0x00, 0x01, 0x13, 0x0b, 0x00, 0x1e, 0xe6, 0xb4, 0x01,
	0x02, 0x00, 0x05, 0x05, 0x04, 0x08, 0x13, 0x0f, 0x05, 0x01, 0x19, 0x1e, 0x04, 0x05, 0x05, 0x05,
	0x06, 0x05, 0x0a, 0x11, 0x10, 0x06, 0x22, 0x2c, 0x82, 0x23, 0x03, 0x06, 0x06, 0x05, 0x00, 0x00,
	0x12, 0x03, 0x6e, 0xec, 0xea, 0xff, 0x64, 0x00, 0x00, 0x05, 0x00, 0x5d, 0x94, 0x13, 0x21, 0xd2,
	0x30, 0x19, 0x73, 0x13, 0x06, 0x1f, 0x02, 0x13, 0xee, 0xff, 0xb1, 0xd0, 0xe8, 0x87, 0x94, 0x91,
	0x94, 0xc4, 0xe9, 0x17, 0x13, 0xef, 0xff, 0xb5, 0x93, 0x9d, 0xff, 0xa4, 0x93, 0x96, 0xc2, 0xe8,
	0x17, 0x00, 0x5d, 0x94, 0x10, 0x00, 0x00, 0xa3, 0x81, 0x0a, 0x00, 0x08, 0x20, 0x02, 0x05, 0x00,
	0x01, 0x13, 0x0b, 0x00, 0x1e, 0xe3, 0xd4, 0x11, 0x00, 0x00, 0x05, 0x05, 0x04, 0x08, 0x13, 0x0f,
	0x05, 0x01, 0x18, 0x22, 0x06, 0x04, 0x05, 0x05, 0x06, 0x05, 0x0a, 0x11, 0x10, 0x06, 0x22, 0x2f,
	0x94, 0x2b, 0x02, 0x06, 0x06, 0x05, 0x00, 0x00, 0x12, 0x03, 0x6e, 0xec, 0xec, 0xff, 0x71, 0x00,
	0x01, 0x05, 0x00, 0x5d, 0x94, 0x13, 0x21, 0xd2, 0x2f, 0x1d, 0x86, 0x1b, 0x03, 0x1b, 0x02, 0x13,
	0xee, 0xff, 0xb1, 0xd0, 0xe8, 0x87, 0x93, 0x91, 0x93, 0xc2, 0xe4, 0x14, 0x13, 0xef, 0xff, 0xb5,
	0x93, 0x9d, 0xff, 0xa4, 0x93, 0x95, 0xc0, 0xe3, 0x14, 0x00, 0x5d, 0x94, 0x10, 0x00, 0x00, 0xa3,
	0x81, 0x0c, 0x00, 0x07, 0x1b, 0x02, 0x05, 0x00, 0x01, 0x13, 0x0b, 0x00, 0x1e, 0xe1, 0xe6, 0x2b,
	0x00, 0x00, 0x05, 0x05, 0x04, 0x08, 0x13, 0x0f, 0x05, 0x01, 0x18, 0x24, 0x0a, 0x04, 0x05, 0x05,
	0x06, 0x05, 0x0a, 0x11, 0x10, 0x06, 0x21, 0x33, 0xa2, 0x31, 0x01, 0x06, 0x06, 0x05, 0x00, 0x00,
	0x12, 0x03, 0x6e, 0xec, 0xee, 0xff, 0x7c, 0x00, 0x01, 0x05, 0x00, 0x5d, 0x94, 0x13, 0x21, 0xd2,
	0x2f, 0x21, 0x94, 0x23, 0x01, 0x18, 0x02, 0x13, 0xee, 0xff, 0xb1, 0xd0, 0xe8, 0x87, 0x93, 0x92,
	0x93, 0xbf, 0xdf, 0x12, 0x13, 0xef, 0xff, 0xb5, 0x93, 0x9d, 0xff, 0xa4, 0x93, 0x95, 0xbd, 0xdf,
	0x12, 0x00, 0x5d, 0x94, 0x10, 0x00, 0x00, 0xa3, 0x81, 0x0d, 0x00, 0x05, 0x18, 0x02, 0x05, 0x00,
	0x01, 0x13, 0x0b, 0x00, 0x1e, 0xe0, 0xe6, 0x4a, 0x00, 0x01, 0x05, 0x05, 0x04, 0x08, 0x13, 0x0f,
	0x05, 0x01, 0x17, 0x24, 0x0e, 0x03, 0x05, 0x05, 0x06, 0x05, 0x0a, 0x11, 0x10, 0x06, 0x21, 0x36,
	0xaa, 0x37, 0x00, 0x06, 0x06, 0x05, 0x00, 0x00, 0x12, 0x03, 0x6e, 0xeb, 0xf0, 0xff, 0x85, 0x00,
	0x01, 0x05, 0x00, 0x5d, 0x94, 0x13, 0x21, 0xd2, 0x2f, 0x24, 0x9c, 0x29, 0x00, 0x16, 0x02, 0x13,
	0xee, 0xff, 0xb1, 0xd0, 0xe8, 0x87, 0x93, 0x94, 0x93, 0xbd, 0xda, 0x10, 0x13, 0xef, 0xff, 0xb5,
	0x93, 0x9d, 0xff, 0xa4, 0x93, 0x94, 0xbc, 0xda, 0x10, 0x00, 0x5d, 0x94, 0x10, 0x00, 0x00, 0xa3,
	0x81, 0x0d, 0x04, 0x03, 0x15, 0x02, 0x05, 0x00, 0x01, 0x13, 0x0b, 0x00, 0x1e, 0xe0, 0xe6, 0x6c,
	0x00, 0x01, 0x05, 0x05, 0x04, 0x08, 0x13, 0x0f, 0x05, 0x01, 0x17, 0x24, 0x13, 0x03, 0x05, 0x05,
	0x06, 0x05, 0x0a, 0x11, 0x10, 0x06, 0x21, 0x39, 0xb2, 0x3b, 0x00, 0x06, 0x06, 0x05, 0x00, 0x00,
	0x12, 0x03, 0x6e, 0xeb, 0xf1, 0xff, 0x8b, 0x00, 0x02, 0x05, 0x00, 0x5d, 0x94, 0x13, 0x21, 0xd2,
	0x2e, 0x27, 0xa4, 0x2d, 0x00, 0x13, 0x02, 0x13, 0xee, 0xff, 0xb1, 0xd0, 0xe8, 0x87, 0x93, 0x95,
	0x93, 0xbc, 0xd8, 0x0f, 0x13, 0xef, 0xff, 0xb5, 0x93, 0x9d, 0xff, 0xa4, 0x93, 0x93, 0xbb, 0xd7,
	0x0f, 0x00, 0x5d, 0x94, 0x10, 0x00, 0x00, 0xa3, 0x81, 0x0d, 0x0a, 0x02, 0x14, 0x02, 0x05, 0x00,
	0x01, 0x13, 0x0b, 0x00, 0x1e, 0xe0, 0xe6, 0x8d, 0x00, 0x01, 0x05, 0x05, 0x04, 0x08, 0x13, 0x0f,
	0x05, 0x01, 0x17, 0x24, 0x17, 0x03, 0x05, 0x05, 0x06, 0x05, 0x0a, 0x11, 0x10, 0x06, 0x20, 0x3a,
	0xb3, 0x3c, 0x00, 0x06, 0x06, 0x05, 0x00, 0x00, 0x12, 0x03, 0x6e, 0xeb, 0xf1, 0xff, 0x8b, 0x00,
	0x02, 0x05, 0x00, 0x5d, 0x94, 0x13, 0x21, 0xd2, 0x2e, 0x27, 0xa5, 0x2d, 0x00, 0x13, 0x02, 0x13,
	0xee, 0xff, 0xb1, 0xd0, 0xe8, 0x87, 0x93, 0x95, 0x93, 0xbb, 0xd7, 0x0f, 0x13, 0xef, 0xff, 0xb5,
	0x93, 0x9d, 0xff, 0xa4, 0x93, 0x93, 0xba, 0xd7, 0x0f, 0x00, 0x5d, 0x94, 0x10, 0x00, 0x00, 0xa3,
	0x81, 0x0d, 0x0c, 0x03, 0x13, 0x02, 0x05, 0x00, 0x01, 0x13, 0x0b, 0x00, 0x1e, 0xe0, 0xe6, 0xa8,
	0x00, 0x01, 0x05, 0x05, 0x04, 0x08, 0x13, 0x0f, 0x05, 0x01, 0x17, 0x24, 0x1b, 0x04, 0x05, 0x05,
	0x06, 0x05, 0x0a, 0x11, 0x10, 0x06, 0x21, 0x39, 0xb3, 0x3d, 0x00, 0x06, 0x06, 0x05, 0x00, 0x00,
	0x12, 0x03, 0x6e, 0xeb, 0xf1, 0xff, 0x8b, 0x00, 0x01, 0x05, 0x00, 0x5d, 0x94, 0x13, 0x21, 0xd2,
	0x2e, 0x27, 0xa5, 0x2e, 0x00, 0x13, 0x02, 0x13, 0xee, 0xff, 0xb1, 0xd0, 0xe8, 0x87, 0x93, 0x95,
	0x93, 0xbb, 0xd8, 0x0f, 0x13, 0xef, 0xff, 0xb5, 0x93, 0x9d, 0xff, 0xa4, 0x93, 0x92, 0xba, 0xd7,
	0x0f, 0x00, 0x5d, 0x94, 0x10, 0x00, 0x00, 0xa3, 0x81, 0x0d, 0x0e, 0x03, 0x13, 0x02, 0x05, 0x00,
	0x01, 0x13, 0x0b, 0x00, 0x1e, 0xe0, 0xe6, 0xbb, 0x03, 0x00, 0x05, 0x05, 0x04, 0x08, 0x13, 0x0f,
	0x05, 0x01, 0x17, 0x24, 0x1d, 0x04, 0x05, 0x05, 0x06, 0x05, 0x0a, 0x11, 0x10, 0x06, 0x21, 0x37,
	0xb0, 0x3b, 0x00, 0x06, 0x06, 0x05, 0x00, 0x00, 0x12, 0x03, 0x6e, 0xeb, 0xf0, 0xff, 0x8a, 0x00,
	0x01, 0x05, 0x00, 0x5d, 0x94, 0x13, 0x21, 0xd2, 0x2e, 0x25, 0xa1, 0x2c, 0x00, 0x13, 0x02, 0x13,
	0xee, 0xff, 0xb1, 0xd0, 0xe8, 0x87, 0x93, 0x94, 0x93, 0xbb, 0xd8, 0x0f, 0x13, 0xef, 0xff, 0xb5,
	0x93, 0x9d, 0xff, 0xa4, 0x93, 0x92, 0xb9, 0xd7, 0x0f, 0x00, 0x5d, 0x94, 0x10, 0x00, 0x00, 0xa3,
	0x81, 0x0d, 0x0f, 0x03, 0x13, 0x02, 0x05, 0x00, 0x01, 0x13, 0x0b, 0x00, 0x1e, 0xe0, 0xe6, 0xc7,
	0x0a, 0x00, 0x05, 0x05, 0x04, 0x08, 0x13, 0x0f, 0x05, 0x01, 0x17, 0x24, 0x1e, 0x05, 0x04, 0x05,
	0x06, 0x05, 0x0a, 0x11, 0x10, 0x06, 0x21, 0x37, 0xab, 0x37, 0x00, 0x06, 0x06, 0x05, 0x00, 0x00,
	0x12, 0x03, 0x6e, 0xeb, 0xf0, 0xff, 0x84, 0x00, 0x01, 0x05, 0x00, 0x5d, 0x94, 0x13, 0x21, 0xd2,
	0x2e, 0x24, 0x9e, 0x29, 0x00, 0x13, 0x02, 0x13, 0xee, 0xff, 0xb1, 0xd0, 0xe8, 0x87, 0x93, 0x94,
	0x93, 0xbb, 0xd7, 0x0f, 0x13, 0xef, 0xff, 0xb5, 0x93, 0x9d, 0xff, 0xa4, 0x93, 0x92, 0xb9, 0xd7,
	0x0f, 0x00, 0x5d, 0x94, 0x10, 0x00, 0x00, 0xa3, 0x81, 0x0d, 0x0f, 0x03, 0x13, 0x02, 0x05, 0x00,
	0x01, 0x13, 0x0b, 0x00, 0x1e, 0xe0, 0xe6, 0xcb, 0x0d, 0x00, 0x05, 0x05, 0x04, 0x08, 0x13, 0x0f,
	0x05, 0x01, 0x17, 0x24, 0x1e, 0x05, 0x04, 0x05, 0x06, 0x05, 0x0a, 0x11, 0x10, 0x06, 0x21, 0x34,
	0xa7, 0x34, 0x01, 0x06, 0x06, 0x05, 0x00, 0x00, 0x12, 0x03, 0x6e, 0xec, 0xef, 0xff, 0x7f, 0x00,
	0x01, 0x05, 0x00, 0x5d, 0x94, 0x13, 0x21, 0xd2, 0x2f, 0x22, 0x97, 0x25, 0x00, 0x13, 0x02, 0x13,
	0xee, 0xff, 0xb1, 0xd0, 0xe8, 0x87, 0x93, 0x93, 0x93, 0xbc, 0xd7, 0x0f, 0x13, 0xef, 0xff, 0xb5,
	0x93, 0x9d, 0xff, 0xa4, 0x93, 0x92, 0xb9, 0xd7, 0x0f, 0x00, 0x5d, 0x94, 0x10, 0x00, 0x00, 0xa3,
	0x81, 0x0d, 0x0f, 0x03, 0x13, 0x02, 0x05, 0x00, 0x01, 0x13, 0x0b, 0x00, 0x1e, 0xe0, 0xe6, 0xcc,
	0x0f, 0x00, 0x05, 0x05, 0x04, 0x08, 0x13, 0x0f, 0x05, 0x01, 0x17, 0x24, 0x1e, 0x05, 0x04, 0x05,
	0x06, 0x05, 0x0a, 0x11, 0x10, 0x06, 0x22, 0x32, 0x9f, 0x31, 0x01, 0x06, 0x06, 0x05, 0x00, 0x00,
	0x12, 0x03, 0x6e, 0xec, 0xed, 0xff, 0x7a, 0x00, 0x01, 0x05, 0x00, 0x5d, 0x94, 0x13, 0x21, 0xd2,
	0x2f, 0x20, 0x91, 0x22, 0x00, 0x13, 0x02, 0x13, 0xee, 0xff, 0xb1, 0xd0, 0xe8, 0x87, 0x93, 0x92,
	0x94, 0xbc, 0xd7, 0x0f, 0x13, 0xef, 0xff, 0xb5, 0x93, 0x9d, 0xff, 0xa4, 0x93, 0x92, 0xb9, 0xd7,
	0x0f, 0x00, 0x5d, 0x94, 0x10, 0x00, 0x00, 0xa3, 0x81, 0x0d, 0x0f, 0x03, 0x13, 0x02, 0x05, 0x00,
	0x01, 0x13, 0x0b, 0x00, 0x1e, 0xe0, 0xe6, 0xd0, 0x13, 0x00, 0x05, 0x05, 0x04, 0x08, 0x13, 0x0f,
	0x05, 0x01, 0x17, 0x24, 0x1e, 0x05, 0x04, 0x05, 0x06, 0x05, 0x0a, 0x11, 0x10, 0x06, 0x22, 0x31,
	0x97, 0x2c, 0x01, 0x06, 0x06, 0x05, 0x00, 0x00, 0x12, 0x03, 0x6e, 0xec, 0xed, 0xff, 0x75, 0x00,
	0x01, 0x05, 0x00, 0x5d, 0x94, 0x13, 0x21, 0xd2, 0x2f, 0x1e, 0x8a, 0x1e, 0x00, 0x13, 0x02, 0x13,
	0xee, 0xff, 0xb1, 0xd0, 0xe8, 0x87, 0x93, 0x92, 0x94, 0xbc, 0xd7, 0x0f, 0x13, 0xef, 0xff, 0xb5,
	0x93, 0x9d, 0xff, 0xa4, 0x93, 0x92, 0xb9, 0xd8, 0x0f, 0x00, 0x5d, 0x94, 0x10, 0x00, 0x00, 0xa3,
	0x81, 0x0d, 0x0f, 0x03, 0x13, 0x02, 0x05, 0x00, 0x01, 0x13, 0x0b, 0x00, 0x1e, 0xe0, 0xe6, 0xd4,
	0x1a, 0x00, 0x05, 0x05, 0x04, 0x08, 0x13, 0x0f, 0x05, 0x01, 0x17, 0x24, 0x1e, 0x05, 0x04, 0x05,
	0x06, 0x05, 0x0a, 0x11, 0x10, 0x06, 0x22, 0x2f, 0x90, 0x29, 0x02, 0x06, 0x06, 0x05, 0x00, 0x00,
	0x12, 0x03, 0x6e, 0xec, 0xec, 0xff, 0x6f, 0x00, 0x01, 0x05, 0x00, 0x5d, 0x94, 0x13, 0x21, 0xd2,
	0x2f, 0x1d, 0x82, 0x1a, 0x00, 0x14, 0x02, 0x13, 0xee, 0xff, 0xb1, 0xd0, 0xe8, 0x87, 0x93, 0x91,
	0x94, 0xbc, 0xd7, 0x0f, 0x13, 0xef, 0xff, 0xb5, 0x93, 0x9d, 0xff, 0xa4, 0x93, 0x92, 0xb9, 0xd8,
	0x0f, 0x00, 0x5d, 0x94, 0x10, 0x00, 0x00, 0xa3, 0x81, 0x0d, 0x10, 0x04, 0x13, 0x02, 0x05, 0x00,
	0x01, 0x13, 0x0b, 0x00, 0x1e, 0xe0, 0xe6, 0xd8, 0x26, 0x00, 0x05, 0x05, 0x04, 0x08, 0x13, 0x0f,
	0x05, 0x01, 0x17, 0x24, 0x1f, 0x06, 0x04, 0x05, 0x06, 0x05, 0x0a, 0x11, 0x10, 0x06, 0x22, 0x2d,
	0x89, 0x26, 0x02, 0x06, 0x06, 0x05, 0x00, 0x00, 0x12, 0x03, 0x6e, 0xec, 0xeb, 0xff, 0x6a, 0x00,
	0x01, 0x05, 0x00, 0x5d, 0x94, 0x13, 0x21, 0xd2, 0x30, 0x1b, 0x7b, 0x17, 0x00, 0x14, 0x02, 0x13,
	0xee, 0xff, 0xb1, 0xd0, 0xe8, 0x87, 0x93, 0x91, 0x94, 0xbc, 0xd7, 0x0f, 0x13, 0xef, 0xff, 0xb5,
	0x93, 0x9d, 0xff, 0xa4, 0x93, 0x92, 0xb9, 0xd8, 0x0f, 0x00, 0x5d, 0x94, 0x10, 0x00, 0x00, 0xa3,
	0x81, 0x0d, 0x11, 0x05, 0x13, 0x02, 0x05, 0x00, 0x01, 0x13, 0x0b, 0x00, 0x1e, 0xe0, 0xe6, 0xdd,
	0x35, 0x00, 0x05, 0x05, 0x04, 0x08, 0x13, 0x0f, 0x05, 0x01, 0x17, 0x24, 0x20, 0x08, 0x04, 0x05,
	0x06, 0x05, 0x0a, 0x11, 0x10, 0x06, 0x22, 0x2c, 0x83, 0x23, 0x03, 0x06, 0x06, 0x05, 0x00, 0x00,
	0x12, 0x03, 0x6e, 0xec, 0xeb, 0xff, 0x65, 0x00, 0x01, 0x05, 0x00, 0x5d, 0x94, 0x13, 0x21, 0xd2,
	0x30, 0x1a, 0x75, 0x15, 0x00, 0x14, 0x02, 0x13, 0xee, 0xff, 0xb1, 0xd0, 0xe8, 0x87, 0x94, 0x91,
	0x94, 0xbc, 0xd7, 0x0f, 0x13, 0xef, 0xff, 0xb5, 0x93, 0x9d, 0xff, 0xa4, 0x93, 0x92, 0xb9, 0xd8,
	0x0f, 0x00, 0x5d, 0x94, 0x10, 0x00, 0x00, 0xa3, 0x81, 0x0d, 0x13, 0x09, 0x13, 0x02, 0x05, 0x00,
	0x01, 0x13, 0x0b, 0x00, 0x1e, 0xe0, 0xe6, 0xe3, 0x49, 0x00, 0x05, 0x05, 0x04, 0x08, 0x13, 0x0f,
	0x05, 0x01, 0x17, 0x24, 0x22, 0x0b, 0x04, 0x05, 0x06, 0x05, 0x0a, 0x11, 0x10, 0x06, 0x23, 0x2c,
	0x80, 0x22, 0x03, 0x06, 0x06, 0x05, 0x00, 0x00, 0x12, 0x03, 0x6e, 0xec, 0xea, 0xff, 0x63, 0x00,
	0x01, 0x05, 0x00, 0x5d, 0x94, 0x13, 0x21, 0xd2, 0x30, 0x19, 0x71, 0x14, 0x00, 0x14, 0x02, 0x13,
	0xee, 0xff, 0xb1, 0xd0, 0xe8, 0x87, 0x94, 0x91, 0x95, 0xbc, 0xd7, 0x0f, 0x13, 0xef, 0xff, 0xb5,
	0x93, 0x9d, 0xff, 0xa4, 0x93, 0x91, 0xb8, 0xd8, 0x0f, 0x00, 0x5d, 0x94, 0x10, 0x00, 0x00, 0xa3,
	0x81, 0x0d, 0x16, 0x0e, 0x12, 0x02, 0x05, 0x00, 0x01, 0x13, 0x0b, 0x00, 0x1e, 0xe0, 0xe6, 0xe9,
	0x5e, 0x00, 0x05, 0x05, 0x04, 0x08, 0x13, 0x0f, 0x05, 0x01, 0x17, 0x24, 0x25, 0x11, 0x03, 0x05,
	0x06, 0x05, 0x0a, 0x11, 0x10, 0x06, 0x23, 0x2b, 0x7d, 0x21, 0x03, 0x06, 0x06, 0x05, 0x00, 0x00,
	0x12, 0x03, 0x6e, 0xec, 0xea, 0xff, 0x60, 0x00, 0x01, 0x05, 0x00, 0x5d, 0x94, 0x13, 0x21, 0xd2,
	0x30, 0x19, 0x6e, 0x12, 0x00, 0x14, 0x02, 0x13, 0xee, 0xff, 0xb1, 0xd0, 0xe8, 0x87, 0x94, 0x91,
	0x95, 0xbc, 0xd7, 0x0f, 0x13, 0xef, 0xff, 0xb5, 0x93, 0x9d, 0xff, 0xa4, 0x93, 0x91, 0xb7, 0xd8,
	0x0f, 0x00, 0x5d, 0x94, 0x10, 0x00, 0x00, 0xa3, 0x81, 0x0c, 0x1d, 0x17, 0x12, 0x02, 0x05, 0x00,
	0x01, 0x13, 0x0b, 0x00, 0x1e, 0xe0, 0xe5, 0xf0, 0x76, 0x00, 0x05, 0x05, 0x04, 0x08, 0x13, 0x0f,
	0x05, 0x01, 0x17, 0x23, 0x2c, 0x19, 0x02, 0x05, 0x06, 0x05, 0x0a, 0x11, 0x10, 0x06, 0x23, 0x2b,
	0x7d, 0x21, 0x03, 0x06, 0x06, 0x05, 0x00, 0x00, 0x12, 0x03, 0x6e, 0xec, 0xea, 0xff, 0x60, 0x00,
	0x01, 0x05, 0x00, 0x5d, 0x94, 0x13, 0x21, 0xd2, 0x30, 0x19, 0x6e, 0x12, 0x00, 0x14, 0x02, 0x13,
	0xee, 0xff, 0xb1, 0xd0, 0xe8, 0x87, 0x94, 0x91, 0x95, 0xbc, 0xd7, 0x0f, 0x13, 0xef, 0xff, 0xb5,
	0x93, 0x9d, 0xff, 0xa4, 0x93, 0x90, 0xb5, 0xd9, 0x0f, 0x00, 0x5d, 0x94, 0x10, 0x00, 0x00, 0xa3,
	0x81, 0x0b, 0x26, 0x22, 0x11, 0x02, 0x05, 0x00, 0x01, 0x13, 0x0b, 0x00, 0x1e, 0xe0, 0xe4, 0xf8,
	0x8e, 0x00, 0x05, 0x05, 0x04, 0x08, 0x13, 0x0f, 0x05, 0x01, 0x17, 0x22, 0x35, 0x25, 0x01, 0x05,
	0x06, 0x05, 0x0a, 0x11, 0x10, 0x06, 0x23, 0x2b, 0x7d, 0x21, 0x03, 0x06, 0x06, 0x05, 0x00, 0x00,
	0x12, 0x03, 0x6e, 0xec, 0xea, 0xff, 0x60, 0x00, 0x01, 0x05, 0x00, 0x5d, 0x94, 0x13, 0x21, 0xd2,
	0x30, 0x19, 0x6e, 0x12, 0x00, 0x14, 0x02, 0x13, 0xee, 0xff, 0xb1, 0xd0, 0xe8, 0x87, 0x94, 0x91,
	0x95, 0xbc, 0xd7, 0x0f, 0x13, 0xef, 0xff, 0xb5, 0x93, 0x9d, 0xff, 0xa4, 0x93, 0x8f, 0xb4, 0xd9,
	0x0f, 0x00, 0x5d, 0x94, 0x10, 0x00, 0x00, 0xa3, 0x81, 0x0a, 0x32, 0x2f, 0x10, 0x02, 0x05, 0x00,
	0x01, 0x13, 0x0b, 0x00, 0x1e, 0xe0, 0xe4, 0xfe, 0xa5, 0x00, 0x05, 0x05, 0x04, 0x08, 0x13, 0x0f,
	0x05, 0x01, 0x17, 0x21, 0x40, 0x32, 0x00, 0x05, 0x06, 0x05, 0x0a, 0x11, 0x10, 0x06, 0x23, 0x2b,
	0x7d, 0x21, 0x03, 0x06, 0x06, 0x05, 0x00, 0x00, 0x12, 0x03, 0x6e, 0xec, 0xea, 0xff, 0x60, 0x00,
	0x01, 0x05, 0x00, 0x5d, 0x94, 0x13, 0x21, 0xd2, 0x30, 0x19, 0x6e, 0x12, 0x00, 0x14, 0x02, 0x13,
	0xee, 0xff, 0xb1, 0xd0, 0xe8, 0x87, 0x94, 0x91, 0x95, 0xbc, 0xd7, 0x0f, 0x13, 0xef, 0xff, 0xb5,
	0x93, 0x9d, 0xff, 0xa4, 0x93, 0x8e, 0xb3, 0xd9, 0x0f, 0x00, 0x5d, 0x94, 0x10, 0x00, 0x00, 0xa3,
	0x81, 0x0a, 0x3f, 0x3d, 0x0f, 0x02, 0x05, 0x00, 0x01, 0x13, 0x0b, 0x00, 0x1e, 0xe0, 0xe4, 0xff,
	0xb8, 0x00, 0x05, 0x05, 0x04, 0x08, 0x13, 0x0f, 0x05, 0x01, 0x17, 0x20, 0x4d, 0x40, 0x00, 0x05,
	0x06, 0x05, 0x0a, 0x11, 0x10, 0x06, 0x23, 0x2b, 0x7d, 0x21, 0x03, 0x06, 0x06, 0x05, 0x00, 0x00,
	0x12, 0x03, 0x6e, 0xec, 0xea, 0xff, 0x60, 0x00, 0x01, 0x05, 0x00, 0x5d, 0x94, 0x13, 0x21, 0xd2,
	0x30, 0x19, 0x6e, 0x12, 0x00, 0x14, 0x02, 0x13, 0xee, 0xff, 0xb1, 0xd0, 0xe8, 0x87, 0x94, 0x91,
	0x95, 0xbc, 0xd7, 0x0f, 0x13, 0xef, 0xff, 0xb5, 0x93, 0x9d, 0xff, 0xa4, 0x93, 0x8d, 0xb2, 0xd9,
	0x0f, 0x00, 0x5d, 0x94, 0x10, 0x00, 0x00, 0xa3, 0x81, 0x08, 0x4f, 0x4f, 0x0f, 0x02, 0x05, 0x00,
	0x01, 0x13, 0x0b, 0x00, 0x1e, 0xe0, 0xe4, 0xff, 0xc9, 0x00, 0x04, 0x05, 0x04, 0x08, 0x13, 0x0f,
	0x05, 0x01, 0x17, 0x1f, 0x5d, 0x51, 0x00, 0x05, 0x06, 0x05, 0x0a, 0x11, 0x10, 0x06, 0x23, 0x2b,
	0x7d, 0x21, 0x03, 0x06, 0x06, 0x05, 0x00, 0x00, 0x12, 0x03, 0x6e, 0xec, 0xea, 0xff, 0x60, 0x00,
	0x01, 0x05, 0x00, 0x5d, 0x94, 0x13, 0x21, 0xd2, 0x30, 0x19, 0x6e, 0x12, 0x00, 0x14, 0x02, 0x13,
	0xee, 0xff, 0xb1, 0xd0, 0xe8, 0x87, 0x94, 0x91, 0x95, 0xbc, 0xd7, 0x0f, 0x13, 0xef, 0xff, 0xb5,
	0x93, 0x9d, 0xff, 0xa4, 0x93, 0x8d, 0xb1, 0xd8, 0x0f, 0x00, 0x5d, 0x94, 0x10, 0x00, 0x00, 0xa3,
	0x81, 0x08, 0x5d, 0x5e, 0x0f, 0x02, 0x05, 0x00, 0x01, 0x13, 0x0b, 0x00, 0x1e, 0xe0, 0xe4, 0xff,
	0xd7, 0x00, 0x04, 0x05, 0x04, 0x08, 0x13, 0x0f, 0x05, 0x01, 0x17, 0x1f, 0x6b, 0x60, 0x00, 0x05,
	0x06, 0x05, 0x0a, 0x11, 0x10, 0x06, 0x23, 0x2b, 0x7d, 0x21, 0x03, 0x06, 0x06, 0x05, 0x00, 0x00,
	0x12, 0x03, 0x6e, 0xec, 0xea, 0xff, 0x60, 0x00, 0x01, 0x05, 0x00, 0x5d, 0x94, 0x13, 0x21, 0xd2,
	0x30, 0x19, 0x6e, 0x12, 0x00, 0x14, 0x02, 0x13, 0xee, 0xff, 0xb1, 0xd0, 0xe8, 0x87, 0x94, 0x91,
	0x95, 0xbc, 0xd7, 0x0f, 0x13, 0xef, 0xff, 0xb5, 0x93, 0x9d, 0xff, 0xa4, 0x93, 0x8d, 0xb1, 0xd7,
	0x0f, 0x00, 0x5d, 0x94, 0x10, 0x00, 0x00, 0xa3, 0x81, 0x08, 0x6a, 0x6c, 0x0e, 0x02, 0x05, 0x00,
	0x01, 0x13, 0x0b, 0x00, 0x1e, 0xe0, 0xe5, 0xff, 0xe1, 0x01, 0x03, 0x05, 0x04, 0x08, 0x13, 0x0f,
	0x05, 0x01, 0x17, 0x1f, 0x79, 0x6f, 0x00, 0x04, 0x06, 0x05, 0x0a, 0x11, 0x10, 0x06, 0x23, 0x2b,
	0x7d, 0x21, 0x03, 0x06, 0x06, 0x05, 0x00, 0x00, 0x12, 0x03, 0x6e, 0xec, 0xea, 0xff, 0x60, 0x00,
	0x01, 0x05, 0x00, 0x5d, 0x94, 0x13, 0x21, 0xd2, 0x30, 0x19, 0x6e, 0x12, 0x00, 0x14, 0x02, 0x13,
	0xee, 0xff, 0xb1, 0xd0, 0xe8, 0x87, 0x94, 0x91, 0x95, 0xbc, 0xd7, 0x0f, 0x13, 0xef, 0xff, 0xb5,
	0x93, 0x9d, 0xff, 0xa4, 0x93, 0x8e, 0xb2, 0xd7, 0x0f, 0x00, 0x5d, 0x94, 0x10, 0x00, 0x00, 0xa3,
	0x81, 0x08, 0x74, 0x77, 0x0e, 0x02, 0x05, 0x00, 0x01, 0x13, 0x0b, 0x00, 0x1e, 0xe0, 0xe5, 0xff,
	0xe8, 0x04, 0x03, 0x05, 0x04, 0x08, 0x13, 0x0f, 0x05, 0x01, 0x17, 0x1f, 0x84, 0x7a, 0x00, 0x04,
	0x06, 0x05, 0x0a, 0x11, 0x10, 0x06, 0x23, 0x2b, 0x7d, 0x21, 0x03, 0x06, 0x06, 0x05, 0x00, 0x00,
	0x12, 0x03, 0x6e, 0xec, 0xea, 0xff, 0x60, 0x00, 0x01, 0x05, 0x00, 0x5d, 0x94, 0x13, 0x21, 0xd2,
	0x30, 0x19, 0x6e, 0x12, 0x00, 0x14, 0x02, 0x13, 0xee, 0xff, 0xb1, 0xd0, 0xe8, 0x87, 0x94, 0x91,
	0x95, 0xbc, 0xd8, 0x0f, 0x13, 0xef, 0xff, 0xb5, 0x93, 0x9d, 0xff, 0xa4, 0x93, 0x8e, 0xb2, 0xd7,
	0x0f, 0x00, 0x5d, 0x94, 0x10, 0x00, 0x00, 0xa3, 0x81, 0x08, 0x7c, 0x7f, 0x0f, 0x02, 0x05, 0x00,
	0x01, 0x13, 0x0b, 0x00, 0x1e, 0xe0, 0xe6, 0xff, 0xec, 0x07, 0x03, 0x05, 0x04, 0x08, 0x13, 0x0f,
	0x05, 0x01, 0x17, 0x1f, 0x8b, 0x82, 0x00, 0x04, 0x06, 0x05, 0x0a, 0x11, 0x10, 0x06, 0x23, 0x2b,
	0x7d, 0x21, 0x03, 0x06, 0x06, 0x05, 0x00, 0x00, 0x12, 0x03, 0x6e, 0xec, 0xea, 0xff, 0x60, 0x00,
	0x01, 0x05, 0x00, 0x5d, 0x94, 0x13, 0x21, 0xd2, 0x30, 0x19, 0x6e, 0x12, 0x00, 0x14, 0x02, 0x13,
	0xee, 0xff, 0xb1, 0xd0, 0xe8, 0x87, 0x94, 0x91, 0x95, 0xbc, 0xd8, 0x0f, 0x13, 0xef, 0xff, 0xb5,
	0x93, 0x9d, 0xff, 0xa4, 0x93, 0x8f, 0xb2, 0xd7, 0x0f, 0x00, 0x5d, 0x94, 0x10, 0x00, 0x00, 0xa3,
	0x81, 0x08, 0x80, 0x83, 0x0f, 0x02, 0x05, 0x00, 0x01, 0x13, 0x0b, 0x00, 0x1e, 0xe0, 0xe6, 0xff,
	0xef, 0x09, 0x02, 0x05, 0x04, 0x08, 0x13, 0x0f, 0x05, 0x01, 0x17, 0x1f, 0x8e, 0x86, 0x00, 0x04,
	0x06, 0x05, 0x0a, 0x11, 0x10, 0x06, 0x23, 0x2b, 0x7d, 0x21, 0x03, 0x06, 0x06, 0x05, 0x00, 0x00,
	0x12, 0x03, 0x6e, 0xec, 0xea, 0xff, 0x60, 0x00, 0x01, 0x05, 0x00, 0x5d, 0x94, 0x13, 0x21, 0xd2,
	0x30, 0x19, 0x6e, 0x12, 0x00, 0x14, 0x02, 0x13, 0xee, 0xff, 0xb1, 0xd0, 0xe8, 0x87, 0x94, 0x91,
	0x94, 0xbc, 0xd8, 0x0f, 0x13, 0xef, 0xff, 0xb5, 0x93, 0x9d, 0xff, 0xa4, 0x93, 0x8f, 0xb3, 0xd7,
	0x0f, 0x00, 0x5d, 0x94, 0x10, 0x00, 0x00, 0xa3, 0x81, 0x08, 0x80, 0x85, 0x0f, 0x02, 0x05, 0x00,
	0x01, 0x13, 0x0b, 0x00, 0x1e, 0xe0, 0xe6, 0xff, 0xef, 0x09, 0x02, 0x05, 0x04, 0x08, 0x13, 0x0f,
	0x05, 0x01, 0x17, 0x1f, 0x8e, 0x86, 0x00, 0x04, 0x06, 0x05, 0x0a, 0x11, 0x10, 0x06, 0x23, 0x2b,
	0x7d, 0x21, 0x03, 0x06, 0x06, 0x05, 0x00, 0x00, 0x12, 0x03, 0x6e, 0xec, 0xea, 0xff, 0x60, 0x00,
	0x01, 0x05, 0x00, 0x5d, 0x94, 0x13, 0x21, 0xd2, 0x30, 0x19, 0x6e, 0x12, 0x00, 0x14, 0x02, 0x13,
	0xee, 0xff, 0xb1, 0xd0, 0xe8, 0x87, 0x94, 0x91, 0x95, 0xbc, 0xd8, 0x0f, 0x13, 0xef, 0xff, 0xb5,
	0x93, 0x9d, 0xff, 0xa4, 0x93, 0x8f, 0xb2, 0xd7, 0x0f, 0x00, 0x5d, 0x94, 0x10, 0x00, 0x00, 0xa3,
	0x81, 0x08, 0x7d, 0x81, 0x0f, 0x02, 0x05, 0x00, 0x01, 0x13, 0x0b, 0x00, 0x1e, 0xe0, 0xe6, 0xff,
	0xed, 0x07, 0x03, 0x05, 0x04, 0x08, 0x13, 0x0f, 0x05, 0x01, 0x17, 0x1f, 0x8c, 0x84, 0x00, 0x04,
	0x06, 0x05, 0x0a, 0x11, 0x10, 0x06, 0x23, 0x2b, 0x7d, 0x21, 0x03, 0x06, 0x06, 0x05, 0x00, 0x00,
	0x12, 0x03, 0x6e, 0xec, 0xea, 0xff, 0x60, 0x00, 0x01, 0x05, 0x00, 0x5d, 0x94, 0x13, 0x21, 0xd2,
	0x30, 0x19, 0x6e, 0x12, 0x00, 0x14, 0x02, 0x13, 0xee, 0xff, 0xb1, 0xd0, 0xe8, 0x87, 0x94, 0x91,
	0x95, 0xbc, 0xd8, 0x0f, 0x13, 0xef, 0xff, 0xb5, 0x93, 0x9d, 0xff, 0xa4, 0x93, 0x8e, 0xb2, 0xd7,
	0x0f, 0x00, 0x5d, 0x94, 0x10, 0x00, 0x00, 0xa3, 0x81, 0x08, 0x7a, 0x7e, 0x0f, 0x02, 0x05, 0x00,
	0x01, 0x13, 0x0b, 0x00, 0x1e, 0xe0, 0xe6, 0xff, 0xec, 0x06, 0x03, 0x05, 0x04, 0x08, 0x13, 0x0f,
	0x05, 0x01, 0x17, 0x1f, 0x89, 0x80, 0x00, 0x04, 0x06, 0x05, 0x0a, 0x11, 0x10, 0x06, 0x23, 0x2b,
	0x7d, 0x21, 0x03, 0x06, 0x06, 0x05, 0x00, 0x00, 0x12, 0x03, 0x6e, 0xec, 0xea, 0xff, 0x60, 0x00,
	0x01, 0x05, 0x00, 0x5d, 0x94, 0x13, 0x21, 0xd2, 0x30, 0x19, 0x6e, 0x12, 0x00, 0x14, 0x02, 0x13,
	0xee, 0xff, 0xb1, 0xd0, 0xe8, 0x87, 0x94, 0x91, 0x95, 0xbc, 0xd7, 0x0f, 0x13, 0xef, 0xff, 0xb5,
	0x93, 0x9d, 0xff, 0xa4, 0x93, 0x8e, 0xb2, 0xd7, 0x0f, 0x00, 0x5d, 0x94, 0x10, 0x00, 0x00, 0xa3,
	0x81, 0x08, 0x75, 0x78, 0x0f, 0x02, 0x05, 0x00, 0x01, 0x13, 0x0b, 0x00, 0x1e, 0xe0, 0xe5, 0xff,
	0xe8, 0x04, 0x03, 0x05, 0x04, 0x08, 0x13, 0x0f, 0x05, 0x01, 0x17, 0x1f, 0x84, 0x7a, 0x00, 0x04,
	0x06, 0x05, 0x0a, 0x11, 0x10, 0x06, 0x23, 0x2b, 0x7d, 0x21, 0x03, 0x06, 0x06, 0x05, 0x00, 0x00,
	0x12, 0x03, 0x6e, 0xec, 0xea, 0xff, 0x60, 0x00, 0x01, 0x05, 0x00, 0x5d, 0x94, 0x13, 0x21, 0xd2,
	0x30, 0x19, 0x6e, 0x12, 0x00, 0x14, 0x02, 0x13, 0xee, 0xff, 0xb1, 0xd0, 0xe8, 0x87, 0x94, 0x91,
	0x95, 0xbc, 0xd7, 0x0f, 0x13, 0xef, 0xff, 0xb5, 0x93, 0x9d, 0xff, 0xa4, 0x93, 0x8e, 0xb1, 0xd7,
	0x0f, 0x00, 0x5d, 0x94, 0x10, 0x00, 0x00, 0xa3, 0x81, 0x08, 0x70, 0x72, 0x0e, 0x02, 0x05, 0x00,
	0x01, 0x13, 0x0b, 0x00, 0x1e, 0xe0, 0xe5, 0xff, 0xe5, 0x02, 0x03, 0x05, 0x04, 0x08, 0x13, 0x0f,
	0x05, 0x01, 0x17, 0x1f, 0x7e, 0x74, 0x00, 0x04, 0x06, 0x05, 0x0a, 0x11, 0x10, 0x06, 0x23, 0x2b,
	0x7d, 0x21, 0x03, 0x06, 0x06, 0x05, 0x00, 0x00, 0x12, 0x03, 0x6e, 0xec, 0xea, 0xff, 0x60, 0x00,
	0x01, 0x05, 0x00, 0x5d, 0x94, 0x13, 0x21, 0xd2, 0x30, 0x19, 0x6e, 0x12, 0x00, 0x14, 0x02, 0x13,
	0xee, 0xff, 0xb1, 0xd0, 0xe8, 0x87, 0x94, 0x91, 0x95, 0xbc, 0xd7, 0x0f, 0x13, 0xef, 0xff, 0xb5,
	0x93, 0x9d, 0xff, 0xa4, 0x93, 0x8d, 0xb1, 0xd8, 0x0f, 0x00, 0x5d, 0x94, 0x10, 0x00, 0x00, 0xa3,
	0x81, 0x08, 0x69, 0x6c, 0x0e, 0x02, 0x05, 0x00, 0x01, 0x13, 0x0b, 0x00, 0x1e, 0xe0, 0xe5, 0xff,
	0xe0, 0x00, 0x03, 0x05, 0x04, 0x08, 0x13, 0x0f, 0x05, 0x01, 0x17, 0x1f, 0x78, 0x6e, 0x00, 0x04,
	0x06, 0x05, 0x0a, 0x11, 0x10, 0x06, 0x23, 0x2b, 0x7d, 0x21, 0x03, 0x06, 0x06, 0x05, 0x00, 0x00,
	0x12, 0x03, 0x6e, 0xec, 0xea, 0xff, 0x60, 0x00, 0x01, 0x05, 0x00, 0x5d, 0x94, 0x13, 0x21, 0xd2,
	0x30, 0x19, 0x6e, 0x12, 0x00, 0x14, 0x02, 0x13, 0xee, 0xff, 0xb1, 0xd0, 0xe8, 0x87, 0x94, 0x91,
	0x95, 0xbc, 0xd7, 0x0f, 0x13, 0xef, 0xff, 0xb5, 0x93, 0x9d, 0xff, 0xa4, 0x93, 0x8d, 0xb1, 0xd8,
	0x0f, 0x00, 0x5d, 0x94, 0x10, 0x00, 0x00, 0xa3, 0x81, 0x08, 0x63, 0x64, 0x0e, 0x02, 0x05, 0x00,
	0x01, 0x13, 0x0b, 0x00, 0x1e, 0xe0, 0xe4, 0xff, 0xdc, 0x00, 0x04, 0x05, 0x04, 0x08, 0x13, 0x0f,
	0x05, 0x01, 0x17, 0x1f, 0x72, 0x67, 0x00, 0x04, 0x06, 0x05, 0x0a, 0x11, 0x10, 0x06, 0x23, 0x2b,
	0x7d, 0x21, 0x03, 0x06, 0x06, 0x05, 0x00, 0x00, 0x12, 0x03, 0x6e, 0xec, 0xea, 0xff, 0x60, 0x00,
	0x01, 0x05, 0x00, 0x5d, 0x94, 0x13, 0x21, 0xd2, 0x30, 0x19, 0x6e, 0x12, 0x00, 0x14, 0x02, 0x13,
	0xee, 0xff, 0xb1, 0xd0, 0xe8, 0x87, 0x94, 0x91, 0x95, 0xbc, 0xd7, 0x0f, 0x13, 0xef, 0xff, 0xb5,
	0x93, 0x9d, 0xff, 0xa4, 0x93, 0x8d, 0xb1, 0xd8, 0x0f, 0x00, 0x5d, 0x94, 0x10, 0x00, 0x00, 0xa3,
	0x81, 0x08, 0x5e, 0x5f, 0x0e, 0x02, 0x05, 0x00, 0x01, 0x13, 0x0b, 0x00, 0x1e, 0xe0, 0xe4, 0xff,
	0xd8, 0x00, 0x04, 0x05, 0x04, 0x08, 0x13, 0x0f, 0x05, 0x01, 0x17, 0x1f, 0x6c, 0x61, 0x00, 0x05,
	0x06, 0x05, 0x0a, 0x11, 0x10, 0x06, 0x23, 0x2b, 0x7d, 0x21, 0x03, 0x06, 0x06, 0x05, 0x00, 0x00,
	0x12, 0x03, 0x6e, 0xec, 0xea, 0xff, 0x60, 0x00, 0x01, 0x05, 0x00, 0x5d, 0x94, 0x13, 0x21, 0xd2,
	0x30, 0x19, 0x6e, 0x12, 0x00, 0x14, 0x02, 0x13, 0xee, 0xff, 0xb1, 0xd0, 0xe8, 0x87, 0x94, 0x91,
	0x95, 0xbc, 0xd7, 0x0f, 0x13, 0xef, 0xff, 0xb5, 0x93, 0x9d, 0xff, 0xa4, 0x93, 0x8d, 0xb1, 0xd8,
	0x0f, 0x00, 0x5d, 0x94, 0x10, 0x00, 0x00, 0xa3, 0x81, 0x08, 0x58, 0x59, 0x0f, 0x02, 0x05, 0x00,
	0x01, 0x13, 0x0b, 0x00, 0x1e, 0xe0, 0xe4, 0xff, 0xd3, 0x00, 0x04, 0x05, 0x04, 0x08, 0x13, 0x0f,
	0x05, 0x01, 0x17, 0x1f, 0x67, 0x5b, 0x00, 0x05, 0x06, 0x05, 0x0a, 0x11, 0x10, 0x06, 0x23, 0x2b,
	0x7d, 0x21, 0x03, 0x06, 0x06, 0x05, 0x00, 0x00, 0x12, 0x03, 0x6e, 0xec, 0xea, 0xff, 0x60, 0x00,
	0x01, 0x05, 0x00, 0x5d, 0x94, 0x13, 0x21, 0xd2, 0x30, 0x19, 0x6e, 0x12, 0x00, 0x14, 0x02, 0x13,
	0xee, 0xff, 0xb1, 0xd0, 0xe8, 0x87, 0x94, 0x91, 0x95, 0xbc, 0xd7, 0x0f, 0x13, 0xef, 0xff, 0xb5,
	0x93, 0x9d, 0xff, 0xa4, 0x93, 0x8d, 0xb2, 0xd8, 0x0f, 0x00, 0x5d, 0x94, 0x10, 0x00, 0x00, 0xa3,
	0x81, 0x08, 0x54, 0x55, 0x0e, 0x02, 0x05, 0x00, 0x01, 0x13, 0x0b, 0x00, 0x1e, 0xe0, 0xe4, 0xff,
	0xd0, 0x00, 0x04, 0x05, 0x04, 0x08, 0x13, 0x0f, 0x05, 0x01, 0x17, 0x1f, 0x64, 0x58, 0x00, 0x05,
	0x06, 0x05, 0x0a, 0x11, 0x10, 0x06, 0x23, 0x2b, 0x7d, 0x21, 0x03, 0x06, 0x06, 0x05, 0x00, 0x00,
	0x12, 0x03, 0x6e, 0xec, 0xea, 0xff, 0x60, 0x00, 0x01, 0x05, 0x00, 0x5d, 0x94, 0x13, 0x21, 0xd2,
	0x30, 0x19, 0x6e, 0x12, 0x00, 0x14, 0x02, 0x13, 0xee, 0xff, 0xb1, 0xd0, 0xe8, 0x87, 0x94, 0x91,
	0x95, 0xbc, 0xd7, 0x0f, 0x13, 0xef, 0xff, 0xb5, 0x93, 0x9d, 0xff, 0xa4, 0x93, 0x8d, 0xb2, 0xd9,
	0x0f, 0x00, 0x5d, 0x94, 0x10, 0x00, 0x00, 0xa3, 0x81, 0x08, 0x51, 0x52, 0x0e, 0x02, 0x05, 0x00,
	0x01, 0x13, 0x0b, 0x00, 0x1e, 0xe0, 0xe4, 0xff, 0xcd, 0x00, 0x04, 0x05, 0x04, 0x08, 0x13, 0x0f,
	0x05, 0x01, 0x17, 0x20, 0x61, 0x55, 0x00, 0x05, 0x06, 0x05, 0x0a, 0x11, 0x10, 0x06, 0x23, 0x2b,
	0x7d, 0x21, 0x03, 0x06, 0x06, 0x05, 0x00, 0x00, 0x12, 0x03, 0x6e, 0xec, 0xea, 0xff, 0x60, 0x00,
	0x01, 0x05, 0x00, 0x5d, 0x94, 0x13, 0x21, 0xd2, 0x30, 0x19, 0x6e, 0x12, 0x00, 0x14, 0x02, 0x13,
	0xee, 0xff, 0xb1, 0xd0, 0xe8, 0x87, 0x94, 0x91, 0x95, 0xbc, 0xd7, 0x0f, 0x13, 0xef, 0xff, 0xb5,
	0x93, 0x9d, 0xff, 0xa4, 0x93, 0x8d, 0xb1, 0xd9, 0x0f, 0x00, 0x5d, 0x94, 0x10, 0x00, 0x00, 0xa3,
	0x81, 0x09, 0x51, 0x52, 0x0e, 0x02, 0x05, 0x00, 0x01, 0x13, 0x0b, 0x00, 0x1e, 0xe0, 0xe4, 0xff,
	0xcc, 0x00, 0x04, 0x05, 0x04, 0x08, 0x13, 0x0f, 0x05, 0x01, 0x17, 0x20, 0x60, 0x54, 0x00, 0x05,
	0x06, 0x05, 0x0a, 0x11, 0x10, 0x06, 0x23, 0x2b, 0x7d, 0x21, 0x03, 0x06, 0x06, 0x05, 0x00, 0x00,
	0x12, 0x03, 0x6e, 0xec, 0xea, 0xff, 0x60, 0x00, 0x01, 0x05, 0x00, 0x5d, 0x94, 0x13, 0x21, 0xd2,
	0x30, 0x19, 0x6e, 0x12, 0x00, 0x14, 0x02, 0x13, 0xee, 0xff, 0xb1, 0xd0, 0xe8, 0x87, 0x94, 0x91,
	0x95, 0xbc, 0xd7, 0x0f, 0x13, 0xef, 0xff, 0xb5, 0x93, 0x9d, 0xff, 0xa4, 0x93, 0x8d, 0xb1, 0xd9,
	0x0f, 0x00, 0x5d, 0x94, 0x10, 0x00, 0x00, 0xa3, 0x81, 0x09, 0x51, 0x51, 0x0e, 0x02, 0x05, 0x00,
	0x01, 0x13, 0x0b, 0x00, 0x1e, 0xe0, 0xe4, 0xff, 0xcc, 0x00, 0x04, 0x05, 0x04, 0x08, 0x13, 0x0f,
	0x05, 0x01, 0x17, 0x20, 0x60, 0x54, 0x00, 0x05, 0x06, 0x05, 0x0a, 0x11, 0x10, 0x06, 0x23, 0x2b,
	0x7d, 0x21, 0x03, 0x06, 0x06, 0x05, 0x00, 0x00, 0x12, 0x03, 0x6e, 0xec, 0xea, 0xff, 0x60, 0x00,
	0x01, 0x05, 0x00, 0x5d, 0x94, 0x13, 0x21, 0xd2, 0x30, 0x19, 0x6e, 0x12, 0x00, 0x14, 0x02, 0x13,
	0xee, 0xff, 0xb1, 0xd0, 0xe8, 0x87, 0x94, 0x91, 0x95, 0xbc, 0xd7, 0x0f, 0x13, 0xef, 0xff, 0xb5,
	0x93, 0x9d, 0xff, 0xa4, 0x93, 0x8d, 0xb1, 0xd9, 0x0f, 0x00, 0x5d, 0x94, 0x10, 0x00, 0x00, 0xa3,
	0x81, 0x09, 0x51, 0x51, 0x0e, 0x02, 0x05, 0x00, 0x01, 0x13, 0x0b, 0x00, 0x1e, 0xe0, 0xe4, 0xff,
	0xcc, 0x00, 0x04, 0x05, 0x04, 0x08, 0x13, 0x0f, 0x05, 0x01, 0x17, 0x20, 0x60, 0x53, 0x00, 0x05,
	0x06, 0x05, 0x0a, 0x11, 0x10, 0x06, 0x23, 0x2b, 0x7d, 0x21, 0x03, 0x06, 0x06, 0x05, 0x00, 0x00,
	0x12, 0x03, 0x6e, 0xec, 0xea, 0xff, 0x60, 0x00, 0x01, 0x05, 0x00, 0x5d, 0x94, 0x13, 0x21, 0xd2,
	0x30, 0x19, 0x6e, 0x12, 0x00, 0x14, 0x02, 0x13, 0xee, 0xff, 0xb1, 0xd0, 0xe8, 0x87, 0x94, 0x91,
	0x95, 0xbc, 0xd7, 0x0f, 0x13, 0xef, 0xff, 0xb5, 0x93, 0x9d, 0xff, 0xa4, 0x93, 0x8d, 0xb1, 0xd9,
	0x0f, 0x00, 0x5d, 0x94, 0x10, 0x00, 0x00, 0xa3, 0x81, 0x09, 0x51, 0x51, 0x0e, 0x02, 0x05, 0x00,
	0x01, 0x13, 0x0b, 0x00, 0x1e, 0xe0, 0xe4, 0xff, 0xcc, 0x00, 0x04, 0x05, 0x04, 0x08, 0x13, 0x0f,
	0x05, 0x01, 0x17, 0x20, 0x60, 0x53, 0x00, 0x05, 0x06, 0x05, 0x0a, 0x11, 0x10, 0x06, 0x23, 0x2b,
	0x7d, 0x21, 0x03, 0x06, 0x06, 0x05, 0x00, 0x00, 0x12, 0x03, 0x6e, 0xec, 0xea, 0xff, 0x60, 0x00,
	0x01, 0x05, 0x00, 0x5d, 0x94, 0x13, 0x21, 0xd2, 0x30, 0x19, 0x6e, 0x12, 0x00, 0x14, 0x02, 0x13,
	0xee, 0xff, 0xb1, 0xd0, 0xe8, 0x87, 0x94, 0x91, 0x95, 0xbc, 0xd7, 0x0f, 0x13, 0xef, 0xff, 0xb5,
	0x93, 0x9d, 0xff, 0xa4, 0x93, 0x8d, 0xb1, 0xd9, 0x0f, 0x00, 0x5d, 0x94, 0x10, 0x00, 0x00, 0xa3,
	0x81, 0x09, 0x51, 0x51, 0x0e, 0x02, 0x05, 0x00, 0x01, 0x13, 0x0b, 0x00, 0x1e, 0xe0, 0xe4, 0xff,
	0xcc, 0x00, 0x04, 0x05, 0x04, 0x08, 0x13, 0x0f, 0x05, 0x01, 0x17, 0x20, 0x60, 0x53, 0x00, 0x05,
	0x06, 0x05, 0x0a, 0x11, 0x10, 0x06, 0x23, 0x2b, 0x7d, 0x21, 0x03, 0x06, 0x06, 0x05, 0x00, 0x00,
	0x12, 0x03, 0x6e, 0xec, 0xea, 0xff, 0x60, 0x00, 0x01, 0x05, 0x00, 0x5d, 0x94, 0x13, 0x21, 0xd2,
	0x30, 0x19, 0x6e, 0x12, 0x00, 0x14, 0x02, 0x13, 0xee, 0xff, 0xb1, 0xd0, 0xe8, 0x87, 0x94, 0x91,
	0x95, 0xbc, 0xd7, 0x0f, 0x13, 0xef, 0xff, 0xb5, 0x93, 0x9d, 0xff, 0xa4, 0x93, 0x8d, 0xb1, 0xd9,
	0x0f, 0x00, 0x5d, 0x94, 0x10, 0x00, 0x00, 0xa3, 0x81, 0x09, 0x51, 0x51, 0x0e, 0x02, 0x05, 0x00,
	0x01, 0x13, 0x0b, 0x00, 0x1e, 0xe0, 0xe4, 0xff, 0xcc, 0x00, 0x04, 0x05, 0x04, 0x08, 0x13, 0x0f,
	0x05, 0x01, 0x17, 0x20, 0x60, 0x53, 0x00, 0x05, 0x06, 0x05, 0x0a, 0x11, 0x10, 0x06, 0x23, 0x2b,
	0x7d, 0x21, 0x03, 0x06, 0x06, 0x05, 0x00, 0x00, 0x12, 0x03, 0x6e, 0xec, 0xea, 0xff, 0x60, 0x00,
	0x01, 0x05, 0x00, 0x5d, 0x94, 0x13, 0x21, 0xd2, 0x30, 0x19, 0x6e, 0x12, 0x00, 0x14, 0x02, 0x13,
	0xee, 0xff, 0xb1, 0xd0, 0xe8, 0x87, 0x94, 0x91, 0x95, 0xbc, 0xd7, 0x0f, 0x13, 0xef, 0xff, 0xb5,
	0x93, 0x9d, 0xff, 0xa4, 0x93, 0x8d, 0xb1, 0xd9, 0x0f, 0x00, 0x5d, 0x94, 0x10, 0x00, 0x00, 0xa3,
	0x81, 0x09, 0x51, 0x51, 0x0e, 0x02, 0x05, 0x00, 0x01, 0x13, 0x0b, 0x00, 0x1e, 0xe0, 0xe4, 0xff,
	0xcc, 0x00, 0x04, 0x05, 0x04, 0x08, 0x13, 0x0f, 0x05, 0x01, 0x17, 0x20, 0x60, 0x53, 0x00, 0x05,
	0x06, 0x05, 0x0a, 0x11, 0x10, 0x06, 0x23, 0x2b, 0x7d, 0x21, 0x03, 0x06, 0x06, 0x05, 0x00, 0x00,
	0x12, 0x03, 0x6e, 0xec, 0xea, 0xff, 0x60, 0x00, 0x01, 0x05, 0x00, 0x5d, 0x94, 0x13, 0x21, 0xd2,
	0x30, 0x19, 0x6e, 0x12, 0x00, 0x14, 0x02, 0x13, 0xee, 0xff, 0xb1, 0xd0, 0xe8, 0x87, 0x94, 0x91,
	0x95, 0xbc, 0xd7, 0x0f, 0x13, 0xef, 0xff, 0xb5, 0x93, 0x9d, 0xff, 0xa4, 0x93, 0x8d, 0xb1, 0xd9,
	0x0f, 0x00, 0x5d, 0x94, 0x10, 0x00, 0x00, 0xa3, 0x81, 0x09, 0x51, 0x51, 0x0e, 0x02, 0x05, 0x00,
	0x01, 0x13, 0x0b, 0x00, 0x1e, 0xe0, 0xe4, 0xff, 0xcc, 0x00, 0x04, 0x05, 0x04, 0x08, 0x13, 0x0f,
	0x05, 0x01, 0x17, 0x20, 0x60, 0x53, 0x00, 0x05, 0x06, 0x05, 0x0a, 0x11, 0x10, 0x05, 0x23, 0x2b,
	0x7d, 0x21, 0x03, 0x06, 0x06, 0x05, 0x00, 0x00, 0x12, 0x03, 0x6e, 0xec, 0xea, 0xff, 0x60, 0x00,
	0x01, 0x05, 0x00, 0x5d, 0x94, 0x13, 0x21, 0xd2, 0x30, 0x19, 0x6e, 0x12, 0x00, 0x14, 0x02, 0x13,
	0xee, 0xff, 0xb0, 0xd0, 0xe8, 0x87, 0x94, 0x91, 0x95, 0xbc, 0xd7, 0x0f, 0x13, 0xef, 0xff, 0xb5,
	0x93, 0x9d, 0xff, 0xa4, 0x93, 0x8d, 0xb1, 0xd9, 0x0f, 0x00, 0x5d, 0x94, 0x10, 0x00, 0x00, 0xa3,
	0x81, 0x09, 0x51, 0x51, 0x0e, 0x02, 0x05, 0x00, 0x01, 0x13, 0x0b, 0x00, 0x1e, 0xe0, 0xe4, 0xff,
	0xcc, 0x00, 0x04, 0x05, 0x04, 0x08, 0x13, 0x0f, 0x05, 0x01, 0x17, 0x20, 0x60, 0x53, 0x00, 0x05,
	0x06, 0x05, 0x0a, 0x11, 0x10, 0x05, 0x23, 0x2b, 0x7d, 0x21, 0x03, 0x06, 0x06, 0x05, 0x00, 0x00,
	0x12, 0x03, 0x6e, 0xec, 0xea, 0xff, 0x60, 0x00, 0x01, 0x05, 0x00, 0x5d, 0x94, 0x13, 0x21, 0xd2,
	0x30, 0x19, 0x6e, 0x12, 0x00, 0x14, 0x02, 0x13, 0xee, 0xff, 0xb0, 0xd0, 0xe8, 0x87, 0x94, 0x91,
	0x95, 0xbb, 0xd7, 0x0f, 0x13, 0xef, 0xff, 0xb5, 0x93, 0x9d, 0xff, 0xa4, 0x93, 0x8d, 0xb1, 0xd8,
	0x0f, 0x00, 0x5d, 0x94, 0x10, 0x00, 0x00, 0xa3, 0x81, 0x09, 0x51, 0x51, 0x0e, 0x02, 0x05, 0x00,
	0x01, 0x13, 0x0b, 0x00, 0x1e, 0xe0, 0xe4, 0xff, 0xcc, 0x00, 0x04, 0x05, 0x04, 0x08, 0x13, 0x0f,
	0x05, 0x01, 0x17, 0x20, 0x60, 0x53, 0x00, 0x05, 0x06, 0x05, 0x0a, 0x11, 0x10, 0x05, 0x23, 0x2b,
	0x7d, 0x20, 0x03, 0x06, 0x06, 0x05, 0x00, 0x00, 0x12, 0x03, 0x6e, 0xec, 0xea, 0xff, 0x60, 0x00,
	0x01, 0x05, 0x00, 0x5d, 0x94, 0x13, 0x21, 0xd2, 0x30, 0x19, 0x6e, 0x12, 0x00, 0x14, 0x02, 0x13,
	0xee, 0xff, 0xb0, 0xd0, 0xe9, 0x87, 0x94, 0x91, 0x95, 0xbb, 0xd7, 0x0f, 0x13, 0xef, 0xff, 0xb5,
	0x93, 0x9d, 0xff, 0xa4, 0x93, 0x8d, 0xb1, 0xd9, 0x0f, 0x00, 0x5d, 0x94, 0x10, 0x00, 0x00, 0xa3,
	0x81, 0x09, 0x51, 0x51, 0x0e, 0x02, 0x05, 0x00, 0x01, 0x13, 0x0b, 0x00, 0x1e, 0xe0, 0xe4, 0xff,
	0xcc, 0x00, 0x04, 0x05, 0x04, 0x08, 0x13, 0x0f, 0x05, 0x01, 0x17, 0x20, 0x60, 0x53, 0x00, 0x05,
	0x06, 0x05, 0x0a, 0x11, 0x10, 0x05, 0x23, 0x2b, 0x7d, 0x20, 0x03, 0x06, 0x06, 0x05, 0x00, 0x00,
	0x12, 0x03, 0x6e, 0xec, 0xea, 0xff, 0x60, 0x00, 0x01, 0x05, 0x00, 0x5d, 0x94, 0x13, 0x21, 0xd2,
	0x30, 0x19, 0x6e, 0x12, 0x00, 0x14, 0x02, 0x13, 0xee, 0xff, 0xb0, 0xd0, 0xe9, 0x87, 0x94, 0x91,
	0x95, 0xbb, 0xd7, 0x0f, 0x13, 0xef, 0xff, 0xb5, 0x93, 0x9d, 0xff, 0xa4, 0x93, 0x8d, 0xb1, 0xd9,
	0x0f, 0x00, 0x5d, 0x94, 0x10, 0x00, 0x00, 0xa3, 0x81, 0x09, 0x51, 0x51, 0x0e, 0x02, 0x05, 0x00,
	0x01, 0x13, 0x0b, 0x00, 0x1e, 0xe0, 0xe4, 0xff, 0xcc, 0x00, 0x04, 0x05, 0x04, 0x08, 0x13, 0x0f,
	0x05, 0x01, 0x18, 0x20, 0x60, 0x53, 0x00, 0x05, 0x06, 0x05, 0x0a, 0x11, 0x10, 0x05, 0x23, 0x2b,
	0x7d, 0x20, 0x03, 0x06, 0x06, 0x05, 0x00, 0x00, 0x12, 0x03, 0x6e, 0xec, 0xea, 0xff, 0x60, 0x00,
	0x01, 0x05, 0x00, 0x5d, 0x94, 0x13, 0x21, 0xd2, 0x30, 0x19, 0x6e, 0x12, 0x00, 0x14, 0x02, 0x13,
	0xef, 0xff, 0xb0, 0xd0, 0xe9, 0x87, 0x94, 0x91, 0x95, 0xbb, 0xd7, 0x0f, 0x13, 0xef, 0xff, 0xb5,
	0x93, 0x9d, 0xff, 0xa4, 0x93, 0x8d, 0xb1, 0xd9, 0x0f, 0x00, 0x5d, 0x94, 0x10, 0x00, 0x00, 0xa3,
	0x81, 0x09, 0x51, 0x51, 0x0e, 0x02, 0x05, 0x00, 0x01, 0x13, 0x0b, 0x00, 0x1e, 0xe0, 0xe4, 0xff,
	0xcc, 0x00, 0x04, 0x05, 0x04, 0x08, 0x13, 0x0f, 0x05, 0x01, 0x18, 0x20, 0x60, 0x53, 0x00, 0x05,
	0x06, 0x05, 0x0a, 0x11, 0x10, 0x05, 0x23, 0x2b, 0x7d, 0x20, 0x03, 0x06, 0x06, 0x05, 0x00, 0x00,
	0x12, 0x03, 0x6e, 0xec, 0xea, 0xff, 0x60, 0x00, 0x01, 0x05, 0x00, 0x5d, 0x94, 0x13, 0x21, 0xd2,
	0x30, 0x19, 0x6e, 0x12, 0x00, 0x14, 0x02, 0x13, 0xef, 0xff, 0xb0, 0xd0, 0xe9, 0x87, 0x94, 0x91,
	0x95, 0xbb, 0xd7, 0x0f, 0x13, 0xef, 0xff, 0xb5, 0x93, 0x9d, 0xff, 0xa4, 0x93, 0x8d, 0xb1, 0xd9,
	0x0f, 0x00, 0x5d, 0x94, 0x10, 0x00, 0x00, 0xa3, 0x81, 0x09, 0x51, 0x51, 0x0e, 0x02, 0x05, 0x00,
	0x01, 0x13, 0x0b, 0x00, 0x1e, 0xe0, 0xe4, 0xff, 0xcc, 0x00, 0x04, 0x05, 0x04, 0x08, 0x13, 0x0f,
	0x05, 0x01, 0x18, 0x20, 0x60, 0x53, 0x00, 0x05, 0x06, 0x05, 0x0a, 0x11, 0x10, 0x05, 0x23, 0x2b,
	0x7d, 0x20, 0x03, 0x06, 0x06, 0x05, 0x00, 0x00, 0x12, 0x03, 0x6e, 0xec, 0xea, 0xff, 0x60, 0x00,
	0x01, 0x05, 0x00, 0x5d, 0x94, 0x13, 0x21, 0xd2, 0x30, 0x19, 0x6e, 0x12, 0x00, 0x14, 0x02, 0x13,
	0xef, 0xff, 0xb0, 0xd0, 0xe9, 0x87, 0x94, 0x91, 0x95, 0xbb, 0xd7, 0x0f, 0x13, 0xef, 0xff, 0xb5,
	0x93, 0x9d, 0xff, 0xa4, 0x93, 0x8d, 0xb1, 0xd9, 0x0f, 0x00, 0x5d, 0x94, 0x10, 0x00, 0x00, 0xa3,
	0x81, 0x09, 0x51, 0x51, 0x0e, 0x02, 0x05, 0x00, 0x01, 0x13, 0x0b, 0x00, 0x1e, 0xe0, 0xe4, 0xff,
	0xcc, 0x00, 0x04, 0x05, 0x04, 0x08, 0x13, 0x0f, 0x05, 0x01, 0x18, 0x20, 0x60, 0x53, 0x00, 0x05,
	0x06, 0x05, 0x0a, 0x11, 0x10, 0x05, 0x23, 0x2b, 0x7d, 0x20, 0x03, 0x06, 0x06, 0x05, 0x00, 0x00,
	0x12, 0x03, 0x6f, 0xec, 0xea, 0xff, 0x60, 0x00, 0x01, 0x05, 0x00, 0x5d, 0x94, 0x13, 0x21, 0xd2,
	0x30, 0x19, 0x6e, 0x12, 0x00, 0x14, 0x02, 0x13, 0xee, 0xff, 0xb0, 0xd0, 0xe9, 0x87, 0x94, 0x91,
	0x95, 0xbb, 0xd7, 0x0f, 0x13, 0xef, 0xff, 0xb5, 0x93, 0x9d, 0xff, 0xa4, 0x93, 0x8d, 0xb1, 0xd9,
	0x0f, 0x00, 0x5d, 0x94, 0x10, 0x00, 0x00, 0xa3, 0x81, 0x09, 0x51, 0x51, 0x0e, 0x02, 0x05, 0x00,
	0x01, 0x13, 0x0b, 0x00, 0x1e, 0xe0, 0xe4, 0xff, 0xcc, 0x00, 0x04, 0x05, 0x04, 0x08, 0x13, 0x0f,
	0x05, 0x01, 0x18, 0x20, 0x60, 0x53, 0x00, 0x05, 0x06, 0x05, 0x0a, 0x11, 0x10, 0x05, 0x23, 0x2b,
	0x7d, 0x20, 0x03, 0x06, 0x06, 0x05, 0x00, 0x00, 0x12, 0x03, 0x6f, 0xec, 0xea, 0xff, 0x60, 0x00,
	0x01, 0x05, 0x00, 0x5d, 0x94, 0x13, 0x21, 0xd2, 0x30, 0x19, 0x6e, 0x12, 0x00, 0x14, 0x02, 0x13,
	0xef, 0xff, 0xb0, 0xd0, 0xe9, 0x87, 0x94, 0x91, 0x95, 0xbb, 0xd7, 0x0f, 0x13, 0xef, 0xff, 0xb5,
	0x93, 0x9d, 0xff, 0xa4, 0x93, 0x8d, 0xb1, 0xd9, 0x0f, 0x00, 0x5d, 0x94, 0x10, 0x00, 0x00, 0xa3,
	0x81, 0x09, 0x51, 0x51, 0x0e, 0x02, 0x05, 0x00, 0x01, 0x13, 0x0b, 0x00, 0x1e, 0xe0, 0xe4, 0xff,
	0xcc, 0x00, 0x04, 0x05, 0x04, 0x08, 0x13, 0x0f, 0x05, 0x01, 0x18, 0x20, 0x60, 0x53, 0x00, 0x05,
	0x06, 0x05, 0x0a, 0x11, 0x10, 0x05, 0x23, 0x2b, 0x7d, 0x20, 0x03, 0x06, 0x06, 0x05, 0x00, 0x00,
	0x12, 0x03, 0x6f, 0xec, 0xea, 0xff, 0x60, 0x00, 0x01, 0x05, 0x00, 0x5d, 0x94, 0x13, 0x21, 0xd2,
	0x30, 0x19, 0x6e, 0x12, 0x00, 0x14, 0x02, 0x13, 0xef, 0xff, 0xb0, 0xd0, 0xe9, 0x87, 0x94, 0x91,
	0x95, 0xbb, 0xd7, 0x0f, 0x13, 0xef, 0xff, 0xb5, 0x93, 0x9d, 0xff, 0xa4, 0x93, 0x8d, 0xb1, 0xd9,
	0x0f, 0x00, 0x5d, 0x94, 0x10, 0x00, 0x00, 0xa3, 0x81, 0x09, 0x51, 0x51, 0x0e, 0x02, 0x05, 0x00,
	0x01, 0x13, 0x0b, 0x00, 0x1e, 0xe0, 0xe4, 0xff, 0xcc, 0x00, 0x04, 0x05, 0x04, 0x08, 0x13, 0x0f,
	0x05, 0x01, 0x18, 0x20, 0x60, 0x53, 0x00, 0x05, 0x06, 0x05, 0x0a, 0x11, 0x10, 0x05, 0x23, 0x2b,
	0x7d, 0x20, 0x03, 0x06, 0x06, 0x05, 0x00, 0x00, 0x12, 0x03, 0x6f, 0xec, 0xea, 0xff, 0x60, 0x00,
	0x01, 0x05, 0x00, 0x5d, 0x94, 0x13, 0x21, 0xd2, 0x30, 0x19, 0x6e, 0x12, 0x00, 0x14, 0x02, 0x13,
	0xef, 0xff, 0xb0, 0xd0, 0xe9, 0x87, 0x94, 0x91, 0x95, 0xbb, 0xd7, 0x0f, 0x13, 0xef, 0xff, 0xb5,
	0x93, 0x9d, 0xff, 0xa4, 0x93, 0x8d, 0xb1, 0xd9, 0x0f, 0x00, 0x5d, 0x94, 0x10, 0x00, 0x00, 0xa3,
	0x81, 0x09, 0x51, 0x51, 0x0e, 0x02, 0x05, 0x00, 0x01, 0x13, 0x0b, 0x00, 0x1e, 0xe0, 0xe4, 0xff,
	0xcc, 0x00, 0x04, 0x05, 0x04, 0x08, 0x13, 0x0f, 0x05, 0x01, 0x18, 0x20, 0x60, 0x53, 0x00, 0x05,
	0x06, 0x05, 0x0a, 0x11, 0x10, 0x05, 0x23, 0x2b, 0x7d, 0x20, 0x03, 0x06, 0x06, 0x05, 0x00, 0x00,
	0x12, 0x03, 0x6f, 0xec, 0xea, 0xff, 0x60, 0x00, 0x01, 0x05, 0x00, 0x5d, 0x94, 0x13, 0x21, 0xd2,
	0x30, 0x19, 0x6e, 0x12, 0x00, 0x14, 0x02, 0x13, 0xee, 0xff, 0xb0, 0xd0, 0xe9, 0x87, 0x94, 0x91,
	0x95, 0xbb, 0xd7, 0x0f, 0x13, 0xef, 0xff, 0xb5, 0x93, 0x9d, 0xff, 0xa4, 0x93, 0x8d, 0xb1, 0xd9,
	0x0f, 0x00, 0x5d, 0x94, 0x10, 0x00, 0x00, 0xa3, 0x81, 0x09, 0x51, 0x51, 0x0e, 0x02, 0x05, 0x00,
	0x01, 0x13, 0x0b, 0x00, 0x1e, 0xe0, 0xe4, 0xff, 0xcc, 0x00, 0x04, 0x05, 0x04, 0x08, 0x13, 0x0f,
	0x05, 0x01, 0x18, 0x20, 0x60, 0x53, 0x00, 0x05, 0x06, 0x05, 0x0a, 0x11, 0x10, 0x05, 0x23, 0x2b,
	0x7d, 0x20, 0x03, 0x06, 0x06, 0x05, 0x00, 0x00, 0x12, 0x03, 0x6f, 0xec, 0xea, 0xff, 0x60, 0x00,
	0x01, 0x05, 0x00, 0x5d, 0x94, 0x13, 0x21, 0xd2, 0x30, 0x19, 0x6e, 0x12, 0x00, 0x14, 0x02, 0x13,
	0xef, 0xff, 0xb0, 0xd0, 0xe9, 0x87, 0x94, 0x91, 0x95, 0xbb, 0xd7, 0x0f, 0x13, 0xef, 0xff, 0xb5,
	0x93, 0x9d, 0xff, 0xa4, 0x93, 0x8d, 0xb1, 0xd9, 0x0f, 0x00, 0x5d, 0x94, 0x10, 0x00, 0x00, 0xa3,
	0x81, 0x09, 0x51, 0x51, 0x0e, 0x02, 0x05, 0x00, 0x01, 0x13, 0x0b, 0x00, 0x1e, 0xe0, 0xe4, 0xff,
	0xcc, 0x00, 0x04, 0x05, 0x04, 0x08, 0x13, 0x0f, 0x05, 0x01, 0x18, 0x20, 0x60, 0x53, 0x00, 0x05,
	0x06, 0x05, 0x0a, 0x11, 0x10, 0x05, 0x23, 0x2b, 0x7d, 0x20, 0x03, 0x06, 0x06, 0x05, 0x00, 0x00,
	0x12, 0x03, 0x6f, 0xec, 0xea, 0xff, 0x60, 0x00, 0x01, 0x05, 0x00, 0x5d, 0x94, 0x13, 0x21, 0xd2,
	0x30, 0x19, 0x6e, 0x12, 0x00, 0x14, 0x02, 0x13, 0xef, 0xff, 0xb0, 0xd0, 0xe9, 0x87, 0x94, 0x91,
	0x95, 0xbb, 0xd7, 0x0f, 0x13, 0xef, 0xff, 0xb5, 0x93, 0x9d, 0xff, 0xa4, 0x93, 0x8d, 0xb1, 0xd9,
	0x0f, 0x00, 0x5d, 0x94, 0x10, 0x00, 0x00, 0xa3, 0x81, 0x09, 0x51, 0x51, 0x0e, 0x02, 0x05, 0x00,
	0x01, 0x13, 0x0b, 0x00, 0x1e, 0xe0, 0xe4, 0xff, 0xcc, 0x00, 0x04, 0x05, 0x04, 0x08, 0x13, 0x0f,
	0x05, 0x01, 0x18, 0x20, 0x60, 0x53, 0x00, 0x05, 0x06, 0x05, 0x0a, 0x11, 0x10, 0x05, 0x23, 0x2b,
	0x7d, 0x20, 0x03, 0x06, 0x06, 0x05, 0x00, 0x00, 0x12, 0x03, 0x6f, 0xec, 0xea, 0xff, 0x60, 0x00,
	0x01, 0x05, 0x00, 0x5d, 0x94, 0x13, 0x21, 0xd2, 0x30, 0x19, 0x6e, 0x12, 0x00, 0x14, 0x02, 0x13,
	0xef, 0xff, 0xb0, 0xd0, 0xe9, 0x87, 0x94, 0x91, 0x95, 0xbb, 0xd7, 0x0f, 0x13, 0xef, 0xff, 0xb5,
	0x93, 0x9d, 0xff, 0xa4, 0x93, 0x8d, 0xb1, 0xd9, 0x0f, 0x00, 0x5d, 0x94, 0x10, 0x00, 0x00, 0xa3,
	0x81, 0x09, 0x51, 0x51, 0x0e, 0x02, 0x05, 0x00, 0x01, 0x13, 0x0b, 0x00, 0x1e, 0xe0, 0xe4, 0xff,
	0xcc, 0x00, 0x04, 0x05, 0x04, 0x08, 0x13, 0x0f, 0x05, 0x01, 0x18, 0x20, 0x60, 0x53, 0x00, 0x05,
	0x06, 0x05, 0x0a, 0x11, 0x10, 0x05, 0x23, 0x2b, 0x7d, 0x20, 0x03, 0x06, 0x06, 0x05, 0x00, 0x00,
	0x12, 0x03, 0x6f, 0xec, 0xea, 0xff, 0x60, 0x00, 0x01, 0x05, 0x00, 0x5d, 0x94, 0x13, 0x21, 0xd2,
	0x30, 0x19, 0x6e, 0x12, 0x00, 0x14, 0x02, 0x13, 0xee, 0xff, 0xb0, 0xd0, 0xe9, 0x87, 0x94, 0x91,
	0x95, 0xbb, 0xd7, 0x0f, 0x13, 0xef, 0xff, 0xb5, 0x93, 0x9d, 0xff, 0xa4, 0x93, 0x8d, 0xb1, 0xd9,
	0x0f, 0x00, 0x5d, 0x94, 0x10, 0x00, 0x00, 0xa3, 0x81, 0x09, 0x51, 0x51, 0x0e, 0x02, 0x05, 0x00,
	0x01, 0x13, 0x0b, 0x00, 0x1e, 0xe0, 0xe4, 0xff, 0xcc, 0x00, 0x04, 0x05, 0x04, 0x08, 0x13, 0x0f,
	0x05, 0x01, 0x18, 0x20, 0x60, 0x53, 0x00, 0x05, 0x06, 0x05, 0x0a, 0x11, 0x10, 0x05, 0x23, 0x2b,
	0x7d, 0x20, 0x03, 0x06, 0x06, 0x05, 0x00, 0x00, 0x12, 0x03, 0x6f, 0xec, 0xea, 0xff, 0x60, 0x00,
	0x01, 0x05, 0x00, 0x5d, 0x94, 0x13, 0x21, 0xd2, 0x30, 0x19, 0x6e, 0x12, 0x00, 0x14, 0x02, 0x13,
	0xef, 0xff, 0xb0, 0xd0, 0xe9, 0x87, 0x94, 0x91, 0x95, 0xbb, 0xd7, 0x0f, 0x13, 0xef, 0xff, 0xb5,
	0x93, 0x9d, 0xff, 0xa4, 0x93, 0x8d, 0xb1, 0xd9, 0x0f, 0x00, 0x5d, 0x94, 0x10, 0x00, 0x00, 0xa3,
	0x81, 0x09, 0x51, 0x51, 0x0e, 0x02, 0x05, 0x00, 0x01, 0x13, 0x0b, 0x00, 0x1e, 0xe0, 0xe4, 0xff,
	0xcc, 0x00, 0x04, 0x05, 0x04, 0x08, 0x13, 0x0f, 0x05, 0x01, 0x18, 0x20, 0x60, 0x53, 0x00, 0x05,
	0x06, 0x05, 0x0a, 0x11, 0x10, 0x05, 0x23, 0x2b, 0x7d, 0x20, 0x03, 0x06, 0x06, 0x05, 0x00, 0x00,
	0x12, 0x03, 0x6f, 0xec, 0xea, 0xff, 0x60, 0x00, 0x01, 0x05, 0x00, 0x5d, 0x94, 0x13, 0x21, 0xd2,
	0x30, 0x19, 0x6e, 0x12, 0x00, 0x14, 0x02, 0x13, 0xef, 0xff, 0xb0, 0xd0, 0xe9, 0x87, 0x94, 0x91,
	0x95, 0xbb, 0xd7, 0x0f, 0x13, 0xef, 0xff, 0xb5, 0x93, 0x9d, 0xff, 0xa4, 0x93, 0x8d, 0xb1, 0xd9,
	0x0f, 0x00, 0x5d, 0x94, 0x10, 0x00, 0x00, 0xa3, 0x81, 0x09, 0x51, 0x51, 0x0e, 0x02, 0x05, 0x00,
	0x01, 0x13, 0x0b, 0x00, 0x1e, 0xe0, 0xe4, 0xff, 0xcc, 0x00, 0x04, 0x05, 0x04, 0x08, 0x13, 0x0f,
	0x05, 0x01, 0x18, 0x20, 0x60, 0x53, 0x00, 0x05, 0x06, 0x05, 0x0a, 0x11, 0x10, 0x05, 0x23, 0x2b,
	0x7d, 0x20, 0x03, 0x06, 0x06, 0x05, 0x00, 0x00, 0x12, 0x03, 0x6f, 0xec, 0xea, 0xff, 0x60, 0x00,
	0x01, 0x05, 0x00, 0x5d, 0x94, 0x13, 0x21, 0xd2, 0x30, 0x19, 0x6e, 0x12, 0x00, 0x14, 0x02, 0x13,
	0xef, 0xff, 0xb0, 0xd0, 0xe9, 0x87, 0x94, 0x91, 0x95, 0xbb, 0xd7, 0x0f, 0x13, 0xef, 0xff, 0xb5,
	0x93, 0x9d, 0xff, 0xa4, 0x93, 0x8d, 0xb1, 0xd9, 0x0f, 0x00, 0x5d, 0x94, 0x10, 0x00, 0x00, 0xa3,
	0x81, 0x09, 0x51, 0x51, 0x0e, 0x02, 0x05, 0x00, 0x01, 0x13, 0x0b, 0x00, 0x1e, 0xe0, 0xe4, 0xff,
	0xcc, 0x00, 0x04, 0x05, 0x04, 0x08, 0x13, 0x0f, 0x05, 0x01, 0x18, 0x20, 0x60, 0x53, 0x00, 0x05,
	0x06, 0x05, 0x0a, 0x11, 0x10, 0x05, 0x23, 0x2b, 0x7d, 0x20, 0x03, 0x06, 0x06, 0x05, 0x00, 0x00,
	0x12, 0x03, 0x6f, 0xec, 0xea, 0xff, 0x60, 0x00, 0x01, 0x05, 0x00, 0x5d, 0x94, 0x13, 0x21, 0xd2,
	0x30, 0x19, 0x6e, 0x12, 0x00, 0x14, 0x02, 0x13, 0xee, 0xff, 0xb0, 0xd0, 0xe9, 0x87, 0x94, 0x91,
	0x95, 0xbb, 0xd7, 0x0f, 0x13, 0xef, 0xff, 0xb5, 0x93, 0x9d, 0xff, 0xa4, 0x93, 0x8d, 0xb1, 0xd9,
	0x0f, 0x00, 0x5d, 0x94, 0x10, 0x00, 0x00, 0xa3, 0x81, 0x09, 0x51, 0x51, 0x0e, 0x02, 0x05, 0x00,
	0x01, 0x13, 0x0b, 0x00, 0x1e, 0xe0, 0xe4, 0xff, 0xcc, 0x00, 0x04, 0x05, 0x04, 0x08, 0x13, 0x0f,
	0x05, 0x01, 0x18, 0x20, 0x60, 0x53, 0x00, 0x05, 0x06, 0x05, 0x0a, 0x11, 0x10, 0x05, 0x23, 0x2b,
	0x7d, 0x20, 0x03, 0x06, 0x06, 0x05, 0x00, 0x00, 0x12, 0x03, 0x6f, 0xec, 0xea, 0xff, 0x60, 0x00,
	0x01, 0x05, 0x00, 0x5d, 0x94, 0x13, 0x21, 0xd2, 0x30, 0x19, 0x6e, 0x12, 0x00, 0x14, 0x02, 0x13,
	0xef, 0xff, 0xb0, 0xd0, 0xe9, 0x87, 0x94, 0x91, 0x95, 0xbb, 0xd7, 0x0f, 0x13, 0xef, 0xff, 0xb5,
	0x93, 0x9d, 0xff, 0xa4, 0x93, 0x8d, 0xb1, 0xd9, 0x0f, 0x00, 0x5d, 0x94, 0x10, 0x00, 0x00, 0xa3,
	0x81, 0x09, 0x51, 0x51, 0x0e, 0x02, 0x05, 0x00, 0x01, 0x13, 0x0b, 0x00, 0x1e, 0xe0, 0xe4, 0xff,
	0xcc, 0x00, 0x04, 0x05, 0x04, 0x08, 0x13, 0x0f, 0x05, 0x01, 0x18, 0x20, 0x60, 0x53, 0x00, 0x05,
	0x06, 0x05, 0x0a, 0x11, 0x10, 0x05, 0x23, 0x2b, 0x7d, 0x20, 0x03, 0x06, 0x06, 0x05, 0x00, 0x00,
	0x12, 0x03, 0x6f, 0xec, 0xea, 0xff, 0x60, 0x00, 0x01, 0x05, 0x00, 0x5d, 0x94, 0x13, 0x21, 0xd2,
	0x30, 0x19, 0x6e, 0x12, 0x00, 0x14, 0x02, 0x13, 0xef, 0xff, 0xb0, 0xd0, 0xe9, 0x87, 0x94, 0x91,
	0x95, 0xbb, 0xd7, 0x0f, 0x13, 0xef, 0xff, 0xb5, 0x93, 0x9d, 0xff, 0xa4, 0x93, 0x8d, 0xb1, 0xd9,
	0x0f, 0x00, 0x5d, 0x94, 0x10, 0x00, 0x00, 0xa3, 0x81, 0x09, 0x51, 0x51, 0x0e, 0x02, 0x05, 0x00,
	0x01, 0x13, 0x0b, 0x00, 0x1e, 0xe0, 0xe4, 0xff, 0xcc, 0x00, 0x04, 0x05, 0x04, 0x08, 0x13, 0x0f,
	0x05, 0x01, 0x18, 0x20, 0x60, 0x53, 0x00, 0x05, 0x06, 0x05, 0x0a, 0x11, 0x10, 0x05, 0x23, 0x2b,
	0x7d, 0x20, 0x03, 0x06, 0x06, 0x05, 0x00, 0x00, 0x12, 0x03, 0x6f, 0xec, 0xea, 0xff, 0x60, 0x00,
	0x01, 0x05, 0x00, 0x5d, 0x94, 0x13, 0x21, 0xd2, 0x30, 0x19, 0x6e, 0x12, 0x00, 0x14, 0x02, 0x13,
	0xef, 0xff, 0xb0, 0xd0, 0xe9, 0x87, 0x94, 0x91, 0x95, 0xbb, 0xd7, 0x0f, 0x13, 0xef, 0xff, 0xb5,
	0x93, 0x9d, 0xff, 0xa4, 0x93, 0x8d, 0xb1, 0xd9, 0x0f, 0x00, 0x5d, 0x94, 0x10, 0x00, 0x00, 0xa3,
	0x81, 0x09, 0x51, 0x51, 0x0e, 0x02, 0x05, 0x00, 0x01, 0x13, 0x0b, 0x00, 0x1e, 0xe0, 0xe4, 0xff,
	0xcc, 0x00, 0x04, 0x05, 0x04, 0x08, 0x13, 0x0f, 0x05, 0x01, 0x18, 0x20, 0x60, 0x53, 0x00, 0x05,
	0x06, 0x05, 0x0a, 0x11, 0x10, 0x05, 0x23, 0x2b, 0x7d, 0x20, 0x03, 0x06, 0x06, 0x05, 0x00, 0x00,
	0x12, 0x03, 0x6f, 0xec, 0xea, 0xff, 0x60, 0x00, 0x01, 0x05, 0x00, 0x5d, 0x94, 0x13, 0x21, 0xd2,
	0x30, 0x19, 0x6e, 0x12, 0x00, 0x14, 0x02, 0x13, 0xee, 0xff, 0xb0, 0xd0, 0xe9, 0x87, 0x94, 0x91,
	0x95, 0xbb, 0xd7, 0x0f, 0x13, 0xef, 0xff, 0xb5, 0x93, 0x9d, 0xff, 0xa4, 0x93, 0x8d, 0xb1, 0xd9,
	0x0f, 0x00, 0x5d, 0x94, 0x10, 0x00, 0x00, 0xa3, 0x81, 0x09, 0x51, 0x51, 0x0e, 0x02, 0x05, 0x00,
	0x01, 0x13, 0x0b, 0x00, 0x1e, 0xe0, 0xe4, 0xff, 0xcc, 0x00, 0x04, 0x05, 0x04, 0x08, 0x13, 0x0f,
	0x05, 0x01, 0x18, 0x20, 0x60, 0x53, 0x00, 0x05, 0x06, 0x05, 0x0a, 0x11, 0x10, 0x05, 0x23, 0x2b,
	0x7d, 0x20, 0x03, 0x06, 0x06, 0x05, 0x00, 0x00, 0x12, 0x03, 0x6f, 0xec, 0xea, 0xff, 0x60, 0x00,
	0x01, 0x05, 0x00, 0x5d, 0x94, 0x13, 0x21, 0xd2, 0x30, 0x19, 0x6e, 0x12, 0x00, 0x14, 0x02, 0x13,
	0xef, 0xff, 0xb0, 0xd0, 0xe9, 0x87, 0x94, 0x91, 0x95, 0xbb, 0xd7, 0x0f, 0x13, 0xef, 0xff, 0xb5,
	0x93, 0x9d, 0xff, 0xa4, 0x93, 0x8d, 0xb1, 0xd9, 0x0f, 0x00, 0x5d, 0x94, 0x10, 0x00, 0x00, 0xa3,
	0x81, 0x09, 0x51, 0x51, 0x0e, 0x02, 0x05, 0x00, 0x01, 0x13, 0x0b, 0x00, 0x1e, 0xe0, 0xe4, 0xff,
	0xcc, 0x00, 0x04, 0x05, 0x04, 0x08, 0x13, 0x0f, 0x05, 0x01, 0x18, 0x20, 0x60, 0x53, 0x00, 0x05,
	0x06, 0x05, 0x0a, 0x11, 0x10, 0x05, 0x23, 0x2b, 0x7d, 0x20, 0x03, 0x06, 0x06, 0x05, 0x00, 0x00,
	0x12, 0x03, 0x6f, 0xec, 0xea, 0xff, 0x60, 0x00, 0x01, 0x05, 0x00, 0x5d, 0x94, 0x13, 0x21, 0xd2,
	0x30, 0x19, 0x6e, 0x12, 0x00, 0x14, 0x02, 0x13, 0xef, 0xff, 0xb0, 0xd0, 0xe9, 0x87, 0x94, 0x91,
	0x95, 0xbb, 0xd7, 0x0f, 0x13, 0xef, 0xff, 0xb5, 0x93, 0x9d, 0xff, 0xa4, 0x93, 0x8d, 0xb1, 0xd9,
	0x0f, 0x00, 0x5d, 0x94, 0x10, 0x00, 0x00, 0xa3, 0x81, 0x09, 0x51, 0x51, 0x0e, 0x02, 0x05, 0x00,
	0x01, 0x13, 0x0b, 0x00, 0x1e, 0xe0, 0xe4, 0xff, 0xcc, 0x00, 0x04, 0x05, 0x04, 0x08, 0x13, 0x0f,
	0x05, 0x01, 0x18, 0x20, 0x60, 0x53, 0x00, 0x05, 0x06, 0x05, 0x0a, 0x11, 0x10, 0x05, 0x23, 0x2b,
	0x7d, 0x20, 0x03, 0x06, 0x06, 0x05, 0x00, 0x00, 0x12, 0x03, 0x6f, 0xec, 0xea, 0xff, 0x60, 0x00,
	0x01, 0x05, 0x00, 0x5d, 0x94, 0x13, 0x21, 0xd2, 0x30, 0x19, 0x6e, 0x12, 0x00, 0x14, 0x02, 0x13,
	0xef, 0xff, 0xb0, 0xd0, 0xe9, 0x87, 0x94, 0x91, 0x95, 0xbb, 0xd7, 0x0f, 0x13, 0xef, 0xff, 0xb5,
	0x93, 0x9d, 0xff, 0xa4, 0x93, 0x8d, 0xb1, 0xd9, 0x0f, 0x00, 0x5d, 0x94, 0x10, 0x00, 0x00, 0xa3,
	0x81, 0x09, 0x51, 0x51, 0x0e, 0x02, 0x05, 0x00, 0x01, 0x13, 0x0b, 0x00, 0x1e, 0xe0, 0xe4, 0xff,
	0xcc, 0x00, 0x04, 0x05, 0x04, 0x08, 0x13, 0x0f, 0x05, 0x01, 0x18, 0x20, 0x60, 0x53, 0x00, 0x05,
	0x06, 0x05, 0x0a, 0x11, 0x10, 0x05, 0x23, 0x2b, 0x7d, 0x20, 0x03, 0x06, 0x06, 0x05, 0x00, 0x00,
	0x12, 0x03, 0x6f, 0xec, 0xea, 0xff, 0x60, 0x00, 0x01, 0x05, 0x00, 0x5d, 0x94, 0x13, 0x21, 0xd2,
	0x30, 0x19, 0x6e, 0x12, 0x00, 0x14, 0x02, 0x13, 0xee, 0xff, 0xb0, 0xd0, 0xe9, 0x87, 0x94, 0x91,
	0x95, 0xbb, 0xd7, 0x0f, 0x13, 0xef, 0xff, 0xb5, 0x93, 0x9d, 0xff, 0xa4, 0x93, 0x8d, 0xb1, 0xd9,
	0x0f, 0x00, 0x5d, 0x94, 0x10, 0x00, 0x00, 0xa3, 0x81, 0x09, 0x51, 0x51, 0x0e, 0x02, 0x05, 0x00,
	0x01, 0x13, 0x0b, 0x00, 0x1e, 0xe0, 0xe4, 0xff, 0xcc, 0x00, 0x04, 0x05, 0x04, 0x08, 0x13, 0x0f,
	0x05, 0x01, 0x18, 0x20, 0x60, 0x53, 0x00, 0x05, 0x06, 0x05, 0x0a, 0x11, 0x10, 0x05, 0x23, 0x2b,
	0x7d, 0x20, 0x03, 0x06, 0x06, 0x05, 0x00, 0x00, 0x12, 0x03, 0x6f, 0xec, 0xea, 0xff, 0x60, 0x00,
	0x01, 0x05, 0x00, 0x5d, 0x94, 0x13, 0x21, 0xd2, 0x30, 0x19, 0x6e, 0x12, 0x00, 0x14, 0x02, 0x13,
	0xef, 0xff, 0xb0, 0xd0, 0xe9, 0x87, 0x94, 0x91, 0x95, 0xbb, 0xd7, 0x0f, 0x13, 0xef, 0xff, 0xb5,
	0x93, 0x9d, 0xff, 0xa4, 0x93, 0x8d, 0xb1, 0xd9, 0x0f, 0x00, 0x5d, 0x94, 0x10, 0x00, 0x00, 0xa3,
	0x81, 0x09, 0x51, 0x51, 0x0e, 0x02, 0x05, 0x00, 0x01, 0x13, 0x0b, 0x00, 0x1e, 0xe0, 0xe4, 0xff,
	0xcc, 0x00, 0x04, 0x05, 0x04, 0x08, 0x13, 0x0f, 0x05, 0x01, 0x18, 0x20, 0x60, 0x53, 0x00, 0x05,
	0x06, 0x05, 0x0a, 0x11, 0x10, 0x05, 0x23, 0x2b, 0x7d, 0x20, 0x03, 0x06, 0x06, 0x05, 0x00, 0x00,
	0x12, 0x03, 0x6f, 0xec, 0xea, 0xff, 0x60, 0x00, 0x01, 0x05, 0x00, 0x5d, 0x94, 0x13, 0x21, 0xd2,
	0x30, 0x19, 0x6e, 0x12, 0x00, 0x14, 0x02, 0x13, 0xef, 0xff, 0xb0, 0xd0, 0xe9, 0x87, 0x94, 0x91,
	0x95, 0xbb, 0xd7, 0x0f, 0x13, 0xef, 0xff, 0xb5, 0x93, 0x9d, 0xff, 0xa4, 0x93, 0x8d, 0xb1, 0xd9,
	0x0f, 0x00, 0x5d, 0x94, 0x10, 0x00, 0x00, 0xa3, 0x81, 0x09, 0x51, 0x51, 0x0e, 0x02, 0x05, 0x00,
	0x01, 0x13, 0x0b, 0x00, 0x1e, 0xe0, 0xe4, 0xff, 0xcc, 0x00, 0x04, 0x05, 0x04, 0x08, 0x13, 0x0f,
	0x05, 0x01, 0x18, 0x20, 0x60, 0x53, 0x00, 0x05, 0x06, 0x05, 0x0a, 0x11, 0x10, 0x05, 0x23, 0x2b,
	0x7d, 0x20, 0x03, 0x06, 0x06, 0x05, 0x00, 0x00, 0x12, 0x03, 0x6f, 0xec, 0xea, 0xff, 0x60, 0x00,
	0x01, 0x05, 0x00, 0x5d, 0x94, 0x13, 0x21, 0xd2, 0x30, 0x19, 0x6e, 0x12, 0x00, 0x14, 0x02, 0x13,
	0xef, 0xff, 0xb0, 0xd0, 0xe9, 0x87, 0x94, 0x91, 0x95, 0xbb, 0xd7, 0x0f, 0x13, 0xef, 0xff, 0xb5,
	0x93, 0x9d, 0xff, 0xa4, 0x93, 0x8d, 0xb1, 0xd9, 0x0f, 0x00, 0x5d, 0x94, 0x10, 0x00, 0x00, 0xa3,
	0x81, 0x09, 0x51, 0x51, 0x0e, 0x02, 0x05, 0x00, 0x01, 0x13, 0x0b, 0x00, 0x1e, 0xe0, 0xe4, 0xff,
	0xcc, 0x00, 0x04, 0x05, 0x04, 0x08, 0x13, 0x0f, 0x05, 0x01, 0x18, 0x20, 0x60, 0x53, 0x00, 0x05,
	0x06, 0x05, 0x0a, 0x11, 0x10, 0x05, 0x23, 0x2b, 0x7d, 0x20, 0x03, 0x06, 0x06, 0x05, 0x00, 0x00,
	0x12, 0x03, 0x6f, 0xec, 0xea, 0xff, 0x60, 0x00, 0x01, 0x05, 0x00, 0x5d, 0x94, 0x13, 0x21, 0xd2,
	0x30, 0x19, 0x6e, 0x12, 0x00, 0x14, 0x02, 0x13, 0xee, 0xff, 0xb0, 0xd0, 0xe9, 0x87, 0x94, 0x91,
	0x95, 0xbb, 0xd7, 0x0f, 0x13, 0xef, 0xff, 0xb5, 0x93, 0x9d, 0xff, 0xa4, 0x93, 0x8d, 0xb1, 0xd9,
	0x0f, 0x00, 0x5d, 0x94, 0x10, 0x00, 0x00, 0xa3, 0x81, 0x09, 0x51, 0x51, 0x0e, 0x02, 0x05, 0x00,
	0x01, 0x13, 0x0b, 0x00, 0x1e, 0xe0, 0xe4, 0xff, 0xcc, 0x00, 0x04, 0x05, 0x04, 0x08, 0x13, 0x0f,
	0x05, 0x01, 0x18, 0x20, 0x60, 0x53, 0x00, 0x05, 0x06, 0x05, 0x0a, 0x11, 0x10, 0x05, 0x23, 0x2b,
	0x7d, 0x20, 0x03, 0x06, 0x06, 0x05, 0x00, 0x00, 0x12, 0x03, 0x6f, 0xec, 0xea, 0xff, 0x60, 0x00,
	0x01, 0x05, 0x00, 0x5d, 0x94, 0x13, 0x21, 0xd2, 0x30, 0x19, 0x6e, 0x12, 0x00, 0x14, 0x02, 0x13,
	0xef, 0xff, 0xb0, 0xd0, 0xe9, 0x87, 0x94, 0x91, 0x95, 0xbb, 0xd7, 0x0f, 0x13, 0xef, 0xff, 0xb5,
	0x93, 0x9d, 0xff, 0xa4, 0x93, 0x8d, 0xb1, 0xd9, 0x0f, 0x00, 0x5d, 0x94, 0x10, 0x00, 0x00, 0xa3,
	0x81, 0x09, 0x51, 0x51, 0x0e, 0x02, 0x05, 0x00, 0x01, 0x13, 0x0b, 0x00, 0x1e, 0xe0, 0xe4, 0xff,
	0xcc, 0x00, 0x04, 0x05, 0x04, 0x08, 0x13, 0x0f, 0x05, 0x01, 0x18, 0x20, 0x60, 0x53, 0x00, 0x05,
	0x06, 0x05, 0x0a, 0x11, 0x10, 0x05, 0x23, 0x2b, 0x7d, 0x20, 0x03, 0x06, 0x06, 0x05, 0x00, 0x00,
	0x12, 0x03, 0x6f, 0xec, 0xea, 0xff, 0x60, 0x00, 0x01, 0x05, 0x00, 0x5d, 0x94, 0x13, 0x21, 0xd2,
	0x30, 0x19, 0x6e, 0x12, 0x00, 0x14, 0x02, 0x13, 0xef, 0xff, 0xb0, 0xd0, 0xe9, 0x87, 0x94, 0x91,
	0x95, 0xbb, 0xd7, 0x0f, 0x13, 0xef, 0xff, 0xb5, 0x93, 0x9d, 0xff, 0xa4, 0x93, 0x8d, 0xb1, 0xd9,
	0x0f, 0x00, 0x5d, 0x94, 0x10, 0x00, 0x00, 0xa3, 0x81, 0x09, 0x51, 0x51, 0x0e, 0x02, 0x05, 0x00,
	0x01, 0x13, 0x0b, 0x00, 0x1e, 0xe0, 0xe4, 0xff, 0xcc, 0x00, 0x04, 0x05, 0x04, 0x08, 0x13, 0x0f,
	0x05, 0x01, 0x18, 0x20, 0x60, 0x53, 0x00, 0x05, 0x06, 0x05, 0x0a, 0x11, 0x10, 0x05, 0x23, 0x2b,
	0x7d, 0x20, 0x03, 0x06, 0x06, 0x05, 0x00, 0x00, 0x12, 0x03, 0x6f, 0xec, 0xea, 0xff, 0x60, 0x00,
	0x01, 0x05, 0x00, 0x5d, 0x94, 0x13, 0x21, 0xd2, 0x30, 0x19, 0x6e, 0x12, 0x00, 0x14, 0x02, 0x13,
	0xef, 0xff, 0xb0, 0xd0, 0xe9, 0x87, 0x94, 0x91, 0x95, 0xbb, 0xd7, 0x0f, 0x13, 0xef, 0xff, 0xb5,
	0x93, 0x9d, 0xff, 0xa4, 0x93, 0x8d, 0xb1, 0xd9, 0x0f, 0x00, 0x5d, 0x94, 0x10, 0x00, 0x00, 0xa3,
	0x81, 0x09, 0x51, 0x51, 0x0e, 0x02, 0x05, 0x00, 0x01, 0x13, 0x0b, 0x00, 0x1e, 0xe0, 0xe4, 0xff,
	0xcc, 0x00, 0x04, 0x05, 0x04, 0x08, 0x13, 0x0f, 0x05, 0x01, 0x18, 0x20, 0x60, 0x53, 0x00, 0x05,
	0x06, 0x05, 0x0a, 0x11, 0x10, 0x05, 0x23, 0x2b, 0x7d, 0x20, 0x03, 0x06, 0x06, 0x05, 0x00, 0x00,
	0x12, 0x03, 0x6f, 0xec, 0xea, 0xff, 0x60, 0x00, 0x01, 0x05, 0x00, 0x5d, 0x94, 0x13, 0x21, 0xd2,
	0x30, 0x19, 0x6e, 0x12, 0x00, 0x14, 0x02, 0x13, 0xee, 0xff, 0xb0, 0xd0, 0xe9, 0x87, 0x94, 0x91,
	0x95, 0xbb, 0xd7, 0x0f, 0x13, 0xef, 0xff, 0xb5, 0x93, 0x9d, 0xff, 0xa4, 0x93, 0x8d, 0xb1, 0xd9,
	0x0f, 0x00, 0x5d, 0x94, 0x10, 0x00, 0x00, 0xa3, 0x81, 0x09, 0x51, 0x51, 0x0e, 0x02, 0x05, 0x00,
	0x01, 0x13, 0x0b, 0x00, 0x1e, 0xe0, 0xe4, 0xff, 0xcc, 0x00, 0x04, 0x05, 0x04, 0x08, 0x13, 0x0f,
	0x05, 0x01, 0x18, 0x20, 0x60, 0x53, 0x00, 0x05, 0x06, 0x05, 0x0a, 0x11, 0x10, 0x05, 0x23, 0x2b,
	0x7d, 0x20, 0x03, 0x06, 0x06, 0x05, 0x00, 0x00, 0x12, 0x03, 0x6f, 0xec, 0xea, 0xff, 0x60, 0x00,
	0x01, 0x05, 0x00, 0x5d, 0x94, 0x13, 0x21, 0xd2, 0x30, 0x19, 0x6e, 0x12, 0x00, 0x14, 0x02, 0x13,
	0xef, 0xff, 0xb0, 0xd0, 0xe9, 0x87, 0x94, 0x91, 0x95, 0xbb, 0xd7, 0x0f, 0x13, 0xef, 0xff, 0xb5,
	0x93, 0x9d, 0xff, 0xa4, 0x93, 0x8d, 0xb1, 0xd9, 0x0f, 0x00, 0x5d, 0x94, 0x10, 0x00, 0x00, 0xa3,
	0x81, 0x09, 0x51, 0x51, 0x0e, 0x02, 0x05, 0x00, 0x01, 0x13, 0x0b, 0x00, 0x1e, 0xe0, 0xe4, 0xff,
	0xcc, 0x00, 0x04, 0x05, 0x04, 0x08, 0x13, 0x0f, 0x05, 0x01, 0x18, 0x20, 0x60, 0x53, 0x00, 0x05,
	0x06, 0x05, 0x0a, 0x11, 0x10, 0x05, 0x23, 0x2b, 0x7d, 0x20, 0x03, 0x06, 0x06, 0x05, 0x00, 0x00,
	0x12, 0x03, 0x6f, 0xec, 0xea, 0xff, 0x60, 0x00, 0x01, 0x05, 0x00, 0x5d, 0x94, 0x13, 0x21, 0xd2,
	0x30, 0x19, 0x6e, 0x12, 0x00, 0x14, 0x02, 0x13, 0xef, 0xff, 0xb0, 0xd0, 0xe9, 0x87, 0x94, 0x91,
	0x95, 0xbb, 0xd7, 0x0f, 0x13, 0xef, 0xff, 0xb5, 0x93, 0x9d, 0xff, 0xa4, 0x93, 0x8d, 0xb1, 0xd9,
	0x0f, 0x00, 0x5d, 0x94, 0x10, 0x00, 0x00, 0xa3, 0x81, 0x09, 0x51, 0x51, 0x0e, 0x02, 0x05, 0x00,
	0x01, 0x13, 0x0b, 0x00, 0x1e, 0xe0, 0xe4, 0xff, 0xcc, 0x00, 0x04, 0x05, 0x04, 0x08, 0x13, 0x0f,
	0x05, 0x01, 0x18, 0x20, 0x60, 0x53, 0x00, 0x05, 0x06, 0x05, 0x0a, 0x11, 0x10, 0x05, 0x23, 0x2b,
	0x7d, 0x20, 0x03, 0x06, 0x06, 0x05, 0x00, 0x00, 0x12, 0x03, 0x6f, 0xec, 0xea, 0xff, 0x60, 0x00,
	0x01, 0x05, 0x00, 0x5d, 0x94, 0x13, 0x21, 0xd2, 0x30, 0x19, 0x6e, 0x12, 0x00, 0x14, 0x02, 0x13,
	0xef, 0xff, 0xb0, 0xd0, 0xe9, 0x87, 0x94, 0x91, 0x95, 0xbb, 0xd7, 0x0f, 0x13, 0xef, 0xff, 0xb5,
	0x93, 0x9d, 0xff, 0xa4, 0x93, 0x8d, 0xb1, 0xd9, 0x0f, 0x00, 0x5d, 0x94, 0x10, 0x00, 0x00, 0xa3,
	0x81, 0x09, 0x51, 0x51, 0x0e, 0x02, 0x05, 0x00, 0x01, 0x13, 0x0b, 0x00, 0x1e, 0xe0, 0xe4, 0xff,
	0xcc, 0x00, 0x04, 0x05, 0x04, 0x08, 0x13, 0x0f, 0x05, 0x01, 0x18, 0x20, 0x60, 0x53, 0x00, 0x05,
	0x06, 0x05, 0x0a, 0x11, 0x10, 0x05, 0x23, 0x2b, 0x7d, 0x20, 0x03, 0x06, 0x06, 0x05, 0x00, 0x00,
	0x12, 0x03, 0x6f, 0xec, 0xea, 0xff, 0x60, 0x00, 0x01, 0x05, 0x00, 0x5d, 0x94, 0x13, 0x21, 0xd2,
	0x30, 0x19, 0x6e, 0x12, 0x00, 0x14, 0x02, 0x13, 0xee, 0xff, 0xb0, 0xd0, 0xe9, 0x87, 0x94, 0x91,
	0x95, 0xbb, 0xd7, 0x0f, 0x13, 0xef, 0xff, 0xb5, 0x93, 0x9d, 0xff, 0xa4, 0x93, 0x8d, 0xb1, 0xd9,
	0x0f, 0x00, 0x5d, 0x94, 0x10, 0x00, 0x00, 0xa3, 0x81, 0x09, 0x51, 0x51, 0x0e, 0x02, 0x05, 0x00,
	0x01, 0x13, 0x0b, 0x00, 0x1e, 0xe0, 0xe4, 0xff, 0xcc, 0x00, 0x04, 0x05, 0x04, 0x08, 0x13, 0x0f,
	0x05, 0x01, 0x18, 0x20, 0x60, 0x53, 0x00, 0x05, 0x06, 0x05, 0x0a, 0x11, 0x10, 0x05, 0x23, 0x2b,
	0x7d, 0x20, 0x03, 0x06, 0x06, 0x05, 0x00, 0x00, 0x12, 0x03, 0x6f, 0xec, 0xea, 0xff, 0x60, 0x00,
	0x01, 0x05, 0x00, 0x5d, 0x94, 0x13, 0x21, 0xd2, 0x30, 0x19, 0x6e, 0x12, 0x00, 0x14, 0x02, 0x13,
	0xef, 0xff, 0xb0, 0xd0, 0xe9, 0x87, 0x94, 0x91, 0x95, 0xbb, 0xd7, 0x0f, 0x13, 0xef, 0xff, 0xb5,
	0x93, 0x9d, 0xff, 0xa4, 0x93, 0x8d, 0xb1, 0xd9, 0x0f, 0x00, 0x5d, 0x94, 0x10, 0x00, 0x00, 0xa3,
	0x81, 0x09, 0x51, 0x51, 0x0e, 0x02, 0x05, 0x00, 0x01, 0x13, 0x0b, 0x00, 0x1e, 0xe0, 0xe4, 0xff,
	0xcc, 0x00, 0x04, 0x05, 0x04, 0x08, 0x13, 0x0f, 0x05, 0x01, 0x18, 0x20, 0x60, 0x53, 0x00, 0x05,
	0x06, 0x05, 0x0a, 0x11, 0x10, 0x05, 0x23, 0x2b, 0x7d, 0x20, 0x03, 0x06, 0x06, 0x05, 0x00, 0x00,
	0x12, 0x03, 0x6f, 0xec, 0xea, 0xff, 0x60, 0x00, 0x01, 0x05, 0x00, 0x5d, 0x94, 0x13, 0x21, 0xd2,
	0x30, 0x19, 0x6e, 0x12, 0x00, 0x14, 0x02, 0x13, 0xef, 0xff, 0xb0, 0xd0, 0xe9, 0x87, 0x94, 0x91,
	0x95, 0xbb, 0xd7, 0x0f, 0x13, 0xef, 0xff, 0xb5, 0x93, 0x9d, 0xff, 0xa4, 0x93, 0x8d, 0xb1, 0xd9,
	0x0f, 0x00, 0x5d, 0x94, 0x10, 0x00, 0x00, 0xa3, 0x81, 0x09, 0x51, 0x51, 0x0e, 0x02, 0x05, 0x00,
	0x01, 0x13, 0x0b, 0x00, 0x1e, 0xe0, 0xe4, 0xff, 0xcc, 0x00, 0x04, 0x05, 0x04, 0x08, 0x13, 0x0f,
	0x05, 0x01, 0x18, 0x20, 0x60, 0x53, 0x00, 0x05, 0x06, 0x05, 0x0a, 0x11, 0x10, 0x05, 0x23, 0x2b,
	0x7d, 0x20, 0x03, 0x06, 0x06, 0x05, 0x00, 0x00, 0x12, 0x03, 0x6f, 0xec, 0xea, 0xff, 0x60, 0x00,
	0x01, 0x05, 0x00, 0x5d, 0x94, 0x13, 0x21, 0xd2, 0x30, 0x19, 0x6e, 0x12, 0x00, 0x14, 0x02, 0x13,
	0xef, 0xff, 0xb0, 0xd0, 0xe9, 0x87, 0x94, 0x91, 0x95, 0xbb, 0xd7, 0x0f, 0x13, 0xef, 0xff, 0xb5,
	0x93, 0x9d, 0xff, 0xa4, 0x93, 0x8d, 0xb1, 0xd9, 0x0f, 0x00, 0x5d, 0x94, 0x10, 0x00, 0x00, 0xa3,
	0x81, 0x09, 0x51, 0x51, 0x0e, 0x02, 0x05, 0x00, 0x01, 0x13, 0x0b, 0x00, 0x1e, 0xe0, 0xe4, 0xff,
	0xcc, 0x00, 0x04, 0x05, 0x04, 0x08, 0x13, 0x0f, 0x05, 0x01, 0x18, 0x20, 0x60, 0x53, 0x00, 0x05,
	0x06, 0x05, 0x0a, 0x11, 0x10, 0x05, 0x23, 0x2b, 0x7d, 0x20, 0x03, 0x06, 0x06, 0x05, 0x00, 0x00,
	0x12, 0x03, 0x6f, 0xec, 0xea, 0xff, 0x60, 0x00, 0x01, 0x05, 0x00, 0x5d, 0x94, 0x13, 0x21, 0xd2,
	0x30, 0x19, 0x6e, 0x12, 0x00, 0x14, 0x02, 0x13, 0xee, 0xff, 0xb0, 0xd0, 0xe9, 0x87, 0x94, 0x91,
	0x95, 0xbb, 0xd7, 0x0f, 0x13, 0xef, 0xff, 0xb5, 0x93, 0x9d, 0xff, 0xa4, 0x93, 0x8d, 0xb1, 0xd9,
	0x0f, 0x00, 0x5d, 0x94, 0x10, 0x00, 0x00, 0xa3, 0x81, 0x09, 0x51, 0x51, 0x0e, 0x02, 0x05, 0x00,
	0x01, 0x13, 0x0b, 0x00, 0x1e, 0xe0, 0xe4, 0xff, 0xcc, 0x00, 0x04, 0x05, 0x04, 0x08, 0x13, 0x0f,
	0x05, 0x01, 0x18, 0x20, 0x60, 0x53, 0x00, 0x05, 0x06, 0x05, 0x0a, 0x11, 0x10, 0x05, 0x23, 0x2b,
	0x7d, 0x20, 0x03, 0x06, 0x06, 0x05, 0x00, 0x00, 0x12, 0x03, 0x6f, 0xec, 0xea, 0xff, 0x60, 0x00,
	0x01, 0x05, 0x00, 0x5d, 0x94, 0x13, 0x21, 0xd2, 0x30, 0x19, 0x6e, 0x12, 0x00, 0x14, 0x02, 0x13,
	0xef, 0xff, 0xb0, 0xd0, 0xe9, 0x87, 0x94, 0x91, 0x95, 0xbb, 0xd7, 0x0f, 0x13, 0xef, 0xff, 0xb5,
	0x93, 0x9d, 0xff, 0xa4, 0x93, 0x8d, 0xb1, 0xd9, 0x0f, 0x00, 0x5d, 0x94, 0x10, 0x00, 0x00, 0xa3,
	0x81, 0x09, 0x51, 0x51, 0x0e, 0x02, 0x05, 0x00, 0x01, 0x13, 0x0b, 0x00, 0x1e, 0xe0, 0xe4, 0xff,
	0xcc, 0x00, 0x04, 0x05, 0x04, 0x08, 0x13, 0x0f, 0x05, 0x01, 0x18, 0x20, 0x60, 0x53, 0x00, 0x05,
	0x06, 0x05, 0x0a, 0x11, 0x10, 0x05, 0x23, 0x2b, 0x7d, 0x20, 0x03, 0x06, 0x06, 0x05, 0x00, 0x00,
	0x12, 0x03, 0x6f, 0xec, 0xea, 0xff, 0x60, 0x00, 0x01, 0x05, 0x00, 0x5d, 0x94, 0x13, 0x21, 0xd2,
	0x30, 0x19, 0x6e, 0x12, 0x00, 0x14, 0x02, 0x13, 0xef, 0xff, 0xb0, 0xd0, 0xe9, 0x87, 0x94, 0x91,
	0x95, 0xbb, 0xd7, 0x0f, 0x13, 0xef, 0xff, 0xb5, 0x93, 0x9d, 0xff, 0xa4, 0x93, 0x8d, 0xb1, 0xd9,
	0x0f, 0x00, 0x5d, 0x94, 0x10, 0x00, 0x00, 0xa3, 0x81, 0x09, 0x51, 0x51, 0x0e, 0x02, 0x05, 0x00,
	0x01, 0x13, 0x0b, 0x00, 0x1e, 0xe0, 0xe4, 0xff, 0xcc, 0x00, 0x04, 0x05, 0x04, 0x08, 0x13, 0x0f,
	0x05, 0x01, 0x18, 0x20, 0x60, 0x53, 0x00, 0x05, 0x06, 0x05, 0x0a, 0x11, 0x10, 0x05, 0x23, 0x2b,
	0x7d, 0x20, 0x03, 0x06, 0x06, 0x05, 0x00, 0x00, 0x12, 0x03, 0x6f, 0xec, 0xea, 0xff, 0x60, 0x00,
	0x01, 0x05, 0x00, 0x5d, 0x94, 0x13, 0x21, 0xd2, 0x30, 0x19, 0x6e, 0x12, 0x00, 0x14, 0x02, 0x13,
	0xef, 0xff, 0xb0, 0xd0, 0xe9, 0x87, 0x94, 0x91, 0x95, 0xbb, 0xd7, 0x0f, 0x13, 0xef, 0xff, 0xb5,
	0x93, 0x9d, 0xff, 0xa4, 0x93, 0x8d, 0xb1, 0xd9, 0x0f, 0x00, 0x5d, 0x94, 0x10, 0x00, 0x00, 0xa3,
	0x81, 0x09, 0x51, 0x51, 0x0e, 0x02, 0x05, 0x00, 0x01, 0x13, 0x0b, 0x00, 0x1e, 0xe0, 0xe4, 0xff,
	0xcc, 0x00, 0x04, 0x05, 0x04, 0x08, 0x13, 0x0f, 0x05, 0x01, 0x18, 0x20, 0x60, 0x53, 0x00, 0x05,
	0x06, 0x05, 0x0a, 0x11, 0x10, 0x05, 0x23, 0x2b, 0x7d, 0x20, 0x03, 0x06, 0x06, 0x05, 0x00, 0x00,
	0x12, 0x03, 0x6f, 0xec, 0xea, 0xff, 0x60, 0x00, 0x01, 0x05, 0x00, 0x5d, 0x94, 0x13, 0x21, 0xd2,
	0x30, 0x19, 0x6e, 0x12, 0x00, 0x14, 0x02, 0x13, 0xee, 0xff, 0xb0, 0xd0, 0xe9, 0x87, 0x94, 0x91,
	0x95, 0xbb, 0xd7, 0x0f, 0x13, 0xef, 0xff, 0xb5, 0x93, 0x9d, 0xff, 0xa4, 0x93, 0x8d, 0xb1, 0xd9,
	0x0f, 0x00, 0x5d, 0x94, 0x10, 0x00, 0x00, 0xa3, 0x81, 0x09, 0x51, 0x51, 0x0e, 0x02, 0x05, 0x00,
	0x01, 0x13, 0x0b, 0x00, 0x1e, 0xe0, 0xe4, 0xff, 0xcc, 0x00, 0x04, 0x05, 0x04, 0x08, 0x13, 0x0f,
	0x05, 0x01, 0x18, 0x20, 0x60, 0x53, 0x00, 0x05, 0x06, 0x05, 0x0a, 0x11, 0x10, 0x05, 0x23, 0x2b,
	0x7d, 0x20, 0x03, 0x06, 0x06, 0x05, 0x00, 0x00, 0x12, 0x03, 0x6f, 0xec, 0xea, 0xff, 0x60, 0x00,
	0x01, 0x05, 0x00, 0x5d, 0x94, 0x13, 0x21, 0xd2, 0x30, 0x19, 0x6e, 0x12, 0x00, 0x14, 0x02, 0x13,
	0xef, 0xff, 0xb0, 0xd0, 0xe9, 0x87, 0x94, 0x91, 0x95, 0xbb, 0xd7, 0x0f, 0x13, 0xef, 0xff, 0xb5,
	0x93, 0x9d, 0xff, 0xa4, 0x93, 0x8d, 0xb1, 0xd9, 0x0f, 0x00, 0x5d, 0x94, 0x10, 0x00, 0x00, 0xa3,
	0x81, 0x09, 0x51, 0x51, 0x0e, 0x02, 0x05, 0x00, 0x01, 0x13, 0x0b, 0x00, 0x1e, 0xe0, 0xe4, 0xff,
	0xcc, 0x00, 0x04, 0x05, 0x04, 0x08, 0x13, 0x0f, 0x05, 0x01, 0x18, 0x20, 0x60, 0x53, 0x00, 0x05,
	0x06, 0x05, 0x0a, 0x11, 0x10, 0x05, 0x23, 0x2b, 0x7d, 0x20, 0x03, 0x06, 0x06, 0x05, 0x00, 0x00,
	0x12, 0x03, 0x6f, 0xec, 0xea, 0xff, 0x60, 0x00, 0x01, 0x05, 0x00, 0x5d, 0x94, 0x13, 0x21, 0xd2,
	0x30, 0x19, 0x6e, 0x12, 0x00, 0x14, 0x02, 0x13, 0xef, 0xff, 0xb0, 0xd0, 0xe9, 0x87, 0x94, 0x91,
	0x95, 0xbb, 0xd7, 0x0f, 0x13, 0xef, 0xff, 0xb5, 0x93, 0x9d, 0xff, 0xa4, 0x93, 0x8d, 0xb1, 0xd9,
	0x0f, 0x00, 0x5d, 0x94, 0x10, 0x00, 0x00, 0xa3, 0x81, 0x09, 0x51, 0x51, 0x0e, 0x02, 0x05, 0x00,
	0x01, 0x13, 0x0b, 0x00, 0x1e, 0xe0, 0xe4, 0xff, 0xcc, 0x00, 0x04, 0x05, 0x04, 0x08, 0x13, 0x0f,
	0x05, 0x01, 0x18, 0x20, 0x60, 0x53, 0x00, 0x05, 0x06, 0x05, 0x0a, 0x11, 0x10, 0x05, 0x23, 0x2b,
	0x7d, 0x20, 0x03, 0x06, 0x06, 0x05, 0x00, 0x00, 0x12, 0x03, 0x6f, 0xec, 0xea, 0xff, 0x60, 0x00,
	0x01, 0x05, 0x00, 0x5d, 0x94, 0x13, 0x21, 0xd2, 0x30, 0x19, 0x6e, 0x12, 0x00, 0x14, 0x02, 0x13,
	0xef, 0xff, 0xb0, 0xd0, 0xe9, 0x87, 0x94, 0x91, 0x95, 0xbb, 0xd7, 0x0f, 0x13, 0xef, 0xff, 0xb5,
	0x93, 0x9d, 0xff, 0xa4, 0x93, 0x8d, 0xb1, 0xd9, 0x0f, 0x00, 0x5d, 0x94, 0x10, 0x00, 0x00, 0xa3,
	0x81, 0x09, 0x51, 0x51, 0x0e, 0x02, 0x05, 0x00, 0x01, 0x13, 0x0b, 0x00, 0x1e, 0xe0, 0xe4, 0xff,
	0xcc, 0x00, 0x04, 0x05, 0x04, 0x08, 0x13, 0x0f, 0x05, 0x01, 0x18, 0x20, 0x60, 0x53, 0x00, 0x05,
	0x06, 0x05, 0x0a, 0x11, 0x10, 0x05, 0x23, 0x2b, 0x7d, 0x20, 0x03, 0x06, 0x06, 0x05, 0x00, 0x00,
	0x12, 0x03, 0x6f, 0xec, 0xea, 0xff, 0x60, 0x00, 0x01, 0x05, 0x00, 0x5d, 0x94, 0x13, 0x21, 0xd2,
	0x30, 0x19, 0x6e, 0x12, 0x00, 0x14, 0x02, 0x13, 0xee, 0xff, 0xb0, 0xd0, 0xe9, 0x87, 0x94, 0x91,
	0x95, 0xbb, 0xd7, 0x0f, 0x13, 0xef, 0xff, 0xb5, 0x93, 0x9d, 0xff, 0xa4, 0x93, 0x8d, 0xb1, 0xd9,
	0x0f, 0x00, 0x5d, 0x94, 0x10, 0x00, 0x00, 0xa3, 0x81, 0x09, 0x51, 0x51, 0x0e, 0x02, 0x05, 0x00,
	0x01, 0x13, 0x0b, 0x00, 0x1e, 0xe0, 0xe4, 0xff, 0xcc, 0x00, 0x04, 0x05, 0x04, 0x08, 0x13, 0x0f,
	0x05, 0x01, 0x18, 0x20, 0x60, 0x53, 0x00, 0x05, 0x06, 0x05, 0x0a, 0x11, 0x10, 0x05, 0x23, 0x2b,
	0x7d, 0x20, 0x03, 0x06, 0x06, 0x05, 0x00, 0x00, 0x12, 0x03, 0x6f, 0xec, 0xea, 0xff, 0x60, 0x00,
	0x01, 0x05, 0x00, 0x5d, 0x94, 0x13, 0x21, 0xd2, 0x30, 0x19, 0x6e, 0x12, 0x00, 0x14, 0x02, 0x13,
	0xef, 0xff, 0xb0, 0xd0, 0xe9, 0x87, 0x94, 0x91, 0x95, 0xbb, 0xd7, 0x0f, 0x13, 0xef, 0xff, 0xb5,
	0x93, 0x9d, 0xff, 0xa4, 0x93, 0x8d, 0xb1, 0xd9, 0x0f, 0x00, 0x5d, 0x94, 0x10, 0x00, 0x00, 0xa3,
	0x81, 0x09, 0x51, 0x51, 0x0e, 0x02, 0x05, 0x00, 0x01, 0x13, 0x0b, 0x00, 0x1e, 0xe0, 0xe4, 0xff,
	0xcc, 0x00, 0x04, 0x05, 0x04, 0x08, 0x13, 0x0f, 0x05, 0x01, 0x18, 0x20, 0x60, 0x53, 0x00, 0x05,
	0x06, 0x05, 0x0a, 0x11, 0x10, 0x05, 0x23, 0x2b, 0x7d, 0x20, 0x03, 0x06, 0x06, 0x05, 0x00, 0x00,
	0x12, 0x03, 0x6f, 0xec, 0xea, 0xff, 0x60, 0x00, 0x01, 0x05, 0x00, 0x5d, 0x94, 0x13, 0x21, 0xd2,
	0x30, 0x19, 0x6e, 0x12, 0x00, 0x14, 0x02, 0x13, 0xef, 0xff, 0xb0, 0xd0, 0xe9, 0x87, 0x94, 0x91,
	0x95, 0xbb, 0xd7, 0x0f, 0x13, 0xef, 0xff, 0xb5, 0x93, 0x9d, 0xff, 0xa4, 0x93, 0x8d, 0xb1, 0xd9,
	0x0f, 0x00, 0x5d, 0x94, 0x10, 0x00, 0x00, 0xa3, 0x81, 0x09, 0x51, 0x51, 0x0e, 0x02, 0x05, 0x00,
	0x01, 0x13, 0x0b, 0x00, 0x1e, 0xe0, 0xe4, 0xff, 0xcc, 0x00, 0x04, 0x05, 0x04, 0x08, 0x13, 0x0f,
	0x05, 0x01, 0x18, 0x20, 0x60, 0x53, 0x00, 0x05, 0x06, 0x05, 0x0a, 0x11, 0x10, 0x05, 0x23, 0x2b,
	0x7d, 0x20, 0x03, 0x06, 0x06, 0x05, 0x00, 0x00, 0x12, 0x03, 0x6f, 0xec, 0xea, 0xff, 0x60, 0x00,
	0x01, 0x05, 0x00, 0x5d, 0x94, 0x13, 0x21, 0xd2, 0x30, 0x19, 0x6e, 0x12, 0x00, 0x14, 0x02, 0x13,
	0xef, 0xff, 0xb0, 0xd0, 0xe9, 0x87, 0x94, 0x91, 0x95, 0xbb, 0xd7, 0x0f, 0x13, 0xef, 0xff, 0xb5,
	0x93, 0x9d, 0xff, 0xa4, 0x93, 0x8d, 0xb1, 0xd9, 0x0f, 0x00, 0x5d, 0x94, 0x10, 0x00, 0x00, 0xa3,
	0x81, 0x09, 0x51, 0x51, 0x0e, 0x02, 0x05, 0x00, 0x01, 0x13, 0x0b, 0x00, 0x1e, 0xe0, 0xe4, 0xff,
	0xcc, 0x00, 0x04, 0x05, 0x04, 0x08, 0x13, 0x0f, 0x05, 0x01, 0x18, 0x20, 0x60, 0x53, 0x00, 0x05,
	0x06, 0x05, 0x0a, 0x11, 0x10, 0x05, 0x23, 0x2b, 0x7d, 0x20, 0x03, 0x06, 0x06, 0x05, 0x00, 0x00,
	0x12, 0x03, 0x6f, 0xec, 0xea, 0xff, 0x60, 0x00, 0x01, 0x05, 0x00, 0x5d, 0x94, 0x13, 0x21, 0xd2,
	0x30, 0x19, 0x6e, 0x12, 0x00, 0x14, 0x02, 0x13, 0xee, 0xff, 0xb0, 0xd0, 0xe9, 0x87, 0x94, 0x91,
	0x95, 0xbb, 0xd7, 0x0f, 0x13, 0xef, 0xff, 0xb5, 0x93, 0x9d, 0xff, 0xa4, 0x93, 0x8d, 0xb1, 0xd9,
	0x0f, 0x00, 0x5d, 0x94, 0x10, 0x00, 0x00, 0xa3, 0x81, 0x09, 0x51, 0x51, 0x0e, 0x02, 0x05, 0x00,
	0x01, 0x13, 0x0b, 0x00, 0x1e, 0xe0, 0xe4, 0xff, 0xcc, 0x00, 0x04, 0x05, 0x04, 0x08, 0x13, 0x0f,
	0x05, 0x01, 0x18, 0x20, 0x60, 0x53, 0x00, 0x05, 0x06, 0x05, 0x0a, 0x11, 0x10, 0x05, 0x23, 0x2b,
	0x7d, 0x20, 0x03, 0x06, 0x06, 0x05, 0x00, 0x00, 0x12, 0x03, 0x6f, 0xec, 0xea, 0xff, 0x60, 0x00,
	0x01, 0x05, 0x00, 0x5d, 0x94, 0x13, 0x21, 0xd2, 0x30, 0x19, 0x6e, 0x12, 0x00, 0x14, 0x02, 0x13,
	0xef, 0xff, 0xb0, 0xd0, 0xe9, 0x87, 0x94, 0x91, 0x95, 0xbb, 0xd7, 0x0f, 0x13, 0xef, 0xff, 0xb5,
	0x93, 0x9d, 0xff, 0xa4, 0x93, 0x8d, 0xb1, 0xd9, 0x0f, 0x00, 0x5d, 0x94, 0x10, 0x00, 0x00, 0xa3,
	0x81, 0x09, 0x51, 0x51, 0x0e, 0x02, 0x05, 0x00, 0x01, 0x13, 0x0b, 0x00, 0x1e, 0xe0, 0xe4, 0xff,
	0xcc, 0x00, 0x04, 0x05, 0x04, 0x08, 0x13, 0x0f, 0x05, 0x01, 0x18, 0x20, 0x60, 0x53, 0x00, 0x05,
	0x06, 0x05, 0x0a, 0x11, 0x10, 0x05, 0x23, 0x2b, 0x7d, 0x20, 0x03, 0x06, 0x06, 0x05, 0x00, 0x00,
	0x12, 0x03, 0x6f, 0xec, 0xea, 0xff, 0x60, 0x00, 0x01, 0x05, 0x00, 0x5d, 0x94, 0x13, 0x21, 0xd2,
	0x30, 0x19, 0x6e, 0x12, 0x00, 0x14, 0x02, 0x13, 0xef, 0xff, 0xb0, 0xd0, 0xe9, 0x87, 0x94, 0x91,
	0x95, 0xbb, 0xd7, 0x0f, 0x13, 0xef, 0xff, 0xb5, 0x93, 0x9d, 0xff, 0xa4, 0x93, 0x8d, 0xb1, 0xd9,
	0x0f, 0x00, 0x5d, 0x94, 0x10, 0x00, 0x00, 0xa3, 0x81, 0x09, 0x51, 0x51, 0x0e, 0x02, 0x05, 0x00,
	0x01, 0x13, 0x0b, 0x00, 0x1e, 0xe0, 0xe4, 0xff, 0xcc, 0x00, 0x04, 0x05, 0x04, 0x08, 0x13, 0x0f,
	0x05, 0x01, 0x18, 0x20, 0x60, 0x53, 0x00, 0x05, 0x06, 0x05, 0x0a, 0x11, 0x10, 0x05, 0x23, 0x2b,
	0x7d, 0x20, 0x03, 0x06, 0x06, 0x05, 0x00, 0x00, 0x12, 0x03, 0x6f, 0xec, 0xea, 0xff, 0x60, 0x00,
	0x01, 0x05, 0x00, 0x5d, 0x94, 0x13, 0x21, 0xd2, 0x30, 0x19, 0x6e, 0x12, 0x00, 0x14, 0x02, 0x13,
	0xef, 0xff, 0xb0, 0xd0, 0xe9, 0x87, 0x94, 0x91, 0x95, 0xbb, 0xd7, 0x0f, 0x13, 0xef, 0xff, 0xb5,
	0x93, 0x9d, 0xff, 0xa4, 0x93, 0x8d, 0xb1, 0xd9, 0x0f, 0x00, 0x5d, 0x94, 0x10, 0x00, 0x00, 0xa3,
	0x81, 0x09, 0x51, 0x51, 0x0e, 0x02, 0x05, 0x00, 0x01, 0x13, 0x0b, 0x00, 0x1e, 0xe0, 0xe4, 0xff,
	0xcc, 0x00, 0x04, 0x05, 0x04, 0x08, 0x13, 0x0f, 0x05, 0x01, 0x18, 0x20, 0x60, 0x53, 0x00, 0x05,
	0x06, 0x05, 0x0a, 0x11, 0x10, 0x05, 0x23, 0x2b, 0x7d, 0x20, 0x03, 0x06, 0x06, 0x05, 0x00, 0x00,
	0x12, 0x03, 0x6f, 0xec, 0xea, 0xff, 0x60, 0x00, 0x01, 0x05, 0x00, 0x5d, 0x94, 0x13, 0x21, 0xd2,
	0x30, 0x19, 0x6e, 0x12, 0x00, 0x14, 0x02, 0x13, 0xee, 0xff, 0xb0, 0xd0, 0xe9, 0x87, 0x94, 0x91,
	0x95, 0xbb, 0xd7, 0x0f, 0x13, 0xef, 0xff, 0xb5, 0x93, 0x9d, 0xff, 0xa4, 0x93, 0x8d, 0xb1, 0xd9,
	0x0f, 0x00, 0x5d, 0x94, 0x10, 0x00, 0x00, 0xa3, 0x81, 0x09, 0x51, 0x51, 0x0e, 0x02, 0x05, 0x00,
	0x01, 0x13, 0x0b, 0x00, 0x1e, 0xe0, 0xe4, 0xff, 0xcc, 0x00, 0x04, 0x05, 0x04, 0x08, 0x13, 0x0f,
	0x05, 0x01, 0x18, 0x20, 0x60, 0x53, 0x00, 0x05, 0x06, 0x05, 0x0a, 0x11, 0x10, 0x05, 0x23, 0x2b,
	0x7d, 0x20, 0x03, 0x06, 0x06, 0x05, 0x00, 0x00, 0x12, 0x03, 0x6f, 0xec, 0xea, 0xff, 0x60, 0x00,
	0x01, 0x05, 0x00, 0x5d, 0x94, 0x13, 0x21, 0xd2, 0x30, 0x19, 0x6e, 0x12, 0x00, 0x14, 0x02, 0x13,
	0xef, 0xff, 0xb0, 0xd0, 0xe9, 0x87, 0x94, 0x91, 0x95, 0xbb, 0xd7, 0x0f, 0x13, 0xef, 0xff, 0xb5,
	0x93, 0x9d, 0xff, 0xa4, 0x93, 0x8d, 0xb1, 0xd9, 0x0f, 0x00, 0x5d, 0x94, 0x10, 0x00, 0x00, 0xa3,
	0x81, 0x09, 0x51, 0x51, 0x0e, 0x02, 0x05, 0x00, 0x01, 0x13, 0x0b, 0x00, 0x1e, 0xe0, 0xe4, 0xff,
	0xcc, 0x00, 0x04, 0x05, 0x04, 0x08, 0x13, 0x0f, 0x05, 0x01, 0x18, 0x20, 0x60, 0x53, 0x00, 0x05,
	0x06, 0x05, 0x0a, 0x11, 0x10, 0x05, 0x23, 0x2b, 0x7d, 0x20, 0x03, 0x06, 0x06, 0x05, 0x00, 0x00,
	0x12, 0x03, 0x6f, 0xec, 0xea, 0xff, 0x60, 0x00, 0x01, 0x05, 0x00, 0x5d, 0x94, 0x13, 0x21, 0xd2,
	0x30, 0x19, 0x6e, 0x12, 0x00, 0x14, 0x02, 0x13, 0xef, 0xff, 0xb0, 0xd0, 0xe9, 0x87, 0x94, 0x91,
	0x95, 0xbb, 0xd7, 0x0f, 0x13, 0xef, 0xff, 0xb5, 0x93, 0x9d, 0xff, 0xa4, 0x93, 0x8d, 0xb1, 0xd9,
	0x0f, 0x00, 0x5d, 0x94, 0x10, 0x00, 0x00, 0xa3, 0x81, 0x09, 0x51, 0x51, 0x0e, 0x02, 0x05, 0x00,
	0x01, 0x13, 0x0b, 0x00, 0x1e, 0xe0, 0xe4, 0xff, 0xcc, 0x00, 0x04, 0x05, 0x04, 0x08, 0x13, 0x0f,
	0x05, 0x01, 0x18, 0x20, 0x60, 0x53, 0x00, 0x05, 0x06, 0x05, 0x0a, 0x11, 0x10, 0x05, 0x23, 0x2b,
	0x7d, 0x20, 0x03, 0x06, 0x06, 0x05, 0x00, 0x00, 0x12, 0x03, 0x6f, 0xec, 0xea, 0xff, 0x60, 0x00,
	0x01, 0x05, 0x00, 0x5d, 0x94, 0x13, 0x21, 0xd2, 0x30, 0x19, 0x6e, 0x12, 0x00, 0x14, 0x02, 0x13,
	0xef, 0xff, 0xb0, 0xd0, 0xe9, 0x87, 0x94, 0x91, 0x95, 0xbb, 0xd7, 0x0f, 0x13, 0xef, 0xff, 0xb5,
	0x93, 0x9d, 0xff, 0xa4, 0x93, 0x8d, 0xb1, 0xd9, 0x0f, 0x00, 0x5d, 0x94, 0x10, 0x00, 0x00, 0xa3,
	0x81, 0x09, 0x51, 0x51, 0x0e, 0x02, 0x05, 0x00, 0x01, 0x13, 0x0b, 0x00, 0x1e, 0xe0, 0xe4, 0xff,
	0xcc, 0x00, 0x04, 0x05, 0x04, 0x08, 0x13, 0x0f, 0x05, 0x01, 0x18, 0x20, 0x60, 0x53, 0x00, 0x05,
	0x06, 0x05, 0x0a, 0x11, 0x10, 0x05, 0x23, 0x2b, 0x7d, 0x20, 0x03, 0x06, 0x06, 0x05, 0x00, 0x00,
	0x12, 0x03, 0x6f, 0xec, 0xea, 0xff, 0x60, 0x00, 0x01, 0x05, 0x00, 0x5d, 0x94, 0x13, 0x21, 0xd2,
	0x30, 0x19, 0x6e, 0x12, 0x00, 0x14, 0x02, 0x13, 0xee, 0xff, 0xb0, 0xd0, 0xe9, 0x87, 0x94, 0x91,
	0x95, 0xbb, 0xd7, 0x0f, 0x13, 0xef, 0xff, 0xb5, 0x93, 0x9d, 0xff, 0xa4, 0x93, 0x8d, 0xb1, 0xd9,
	0x0f, 0x00, 0x5d, 0x94, 0x10, 0x00, 0x00, 0xa3, 0x81, 0x09, 0x51, 0x51, 0x0e, 0x02, 0x05, 0x00,
	0x01, 0x13, 0x0b, 0x00, 0x1e, 0xe0, 0xe4, 0xff, 0xcc, 0x00, 0x04, 0x05, 0x04, 0x08, 0x13, 0x0f,
	0x05, 0x01, 0x18, 0x20, 0x60, 0x53, 0x00, 0x05, 0x06, 0x05, 0x0a, 0x11, 0x10, 0x05, 0x23, 0x2b,
	0x7d, 0x20, 0x03, 0x06, 0x06, 0x05, 0x00, 0x00, 0x12, 0x03, 0x6f, 0xec, 0xea, 0xff, 0x60, 0x00,
	0x01, 0x05, 0x00, 0x5d, 0x94, 0x13, 0x21, 0xd2, 0x30, 0x19, 0x6e, 0x12, 0x00, 0x14, 0x02, 0x13,
	0xef, 0xff, 0xb0, 0xd0, 0xe9, 0x87, 0x94, 0x91, 0x95, 0xbb, 0xd7, 0x0f, 0x13, 0xef, 0xff, 0xb5,
	0x93, 0x9d, 0xff, 0xa4, 0x93, 0x8d, 0xb1, 0xd9, 0x0f, 0x00, 0x5d, 0x94, 0x10, 0x00, 0x00, 0xa3,
	0x81, 0x09, 0x51, 0x51, 0x0e, 0x02, 0x05, 0x00, 0x01, 0x13, 0x0b, 0x00, 0x1e, 0xe0, 0xe4, 0xff,
	0xcc, 0x00, 0x04, 0x05, 0x04, 0x08, 0x13, 0x0f, 0x05, 0x01, 0x18, 0x20, 0x60, 0x53, 0x00, 0x05,
	0x06, 0x05, 0x0a, 0x11, 0x10, 0x05, 0x23, 0x2b, 0x7d, 0x20, 0x03, 0x06, 0x06, 0x05, 0x00, 0x00,
	0x12, 0x03, 0x6f, 0xec, 0xea, 0xff, 0x60, 0x00, 0x01, 0x05, 0x00, 0x5d, 0x94, 0x13, 0x21, 0xd2,
	0x30, 0x19, 0x6e, 0x12, 0x00, 0x14, 0x02, 0x13, 0xef, 0xff, 0xb0, 0xd0, 0xe9, 0x87, 0x94, 0x91,
	0x95, 0xbb, 0xd7, 0x0f, 0x13, 0xef, 0xff, 0xb5, 0x93, 0x9d, 0xff, 0xa4, 0x93, 0x8d, 0xb1, 0xd9,
	0x0f, 0x00, 0x5d, 0x94, 0x10, 0x00, 0x00, 0xa3, 0x81, 0x09, 0x51, 0x51, 0x0e, 0x02, 0x05, 0x00,
	0x01, 0x13, 0x0b, 0x00, 0x1e, 0xe0, 0xe4, 0xff, 0xcc, 0x00, 0x04, 0x05, 0x04, 0x08, 0x13, 0x0f,
	0x05, 0x01, 0x18, 0x20, 0x60, 0x53, 0x00, 0x05, 0x06, 0x05, 0x0a, 0x11, 0x10, 0x05, 0x23, 0x2b,
	0x7d, 0x20, 0x03, 0x06, 0x06, 0x05, 0x00, 0x00, 0x12, 0x03, 0x6f, 0xec, 0xea, 0xff, 0x60, 0x00,
	0x01, 0x05, 0x00, 0x5d, 0x94, 0x13, 0x21, 0xd2, 0x30, 0x19, 0x6e, 0x12, 0x00, 0x14, 0x02, 0x13,
	0xef, 0xff, 0xb0, 0xd0, 0xe9, 0x87, 0x94, 0x91, 0x95, 0xbb, 0xd7, 0x0f, 0x13, 0xef, 0xff, 0xb5,
	0x93, 0x9d, 0xff, 0xa4, 0x93, 0x8d, 0xb1, 0xd9, 0x0f, 0x00, 0x5d, 0x94, 0x10, 0x00, 0x00, 0xa3,
	0x81, 0x09, 0x51, 0x51, 0x0e, 0x02, 0x05, 0x00, 0x01, 0x13, 0x0b, 0x00, 0x1e, 0xe0, 0xe4, 0xff,
	0xcc, 0x00, 0x04, 0x05, 0x04, 0x08, 0x13, 0x0f, 0x05, 0x01, 0x18, 0x20, 0x60, 0x53, 0x00, 0x05,
	0x06, 0x05, 0x0a, 0x11, 0x10, 0x05, 0x23, 0x2b, 0x7d, 0x20, 0x03, 0x06, 0x06, 0x05, 0x00, 0x00,
	0x12, 0x03, 0x6f, 0xec, 0xea, 0xff, 0x60, 0x00, 0x01, 0x05, 0x00, 0x5d, 0x94, 0x13, 0x21, 0xd2,
	0x30, 0x19, 0x6e, 0x12, 0x00, 0x14, 0x02, 0x13, 0xee, 0xff, 0xb0, 0xd0, 0xe9, 0x87, 0x94, 0x91,
	0x95, 0xbb, 0xd7, 0x0f, 0x13, 0xef, 0xff, 0xb5, 0x93, 0x9d, 0xff, 0xa4, 0x93, 0x8d, 0xb1, 0xd9,
	0x0f, 0x00, 0x5d, 0x94, 0x10, 0x00, 0x00, 0xa3, 0x81, 0x09, 0x51, 0x51, 0x0e, 0x02, 0x05, 0x00,
	0x01, 0x13, 0x0b, 0x00, 0x1e, 0xe0, 0xe4, 0xff, 0xcc, 0x00, 0x04, 0x05, 0x04, 0x08, 0x13, 0x0f,
	0x05, 0x01, 0x18, 0x20, 0x60, 0x53, 0x00, 0x05, 0x06, 0x05, 0x0a, 0x11, 0x10, 0x05, 0x23, 0x2b,
	0x7d, 0x20, 0x03, 0x06, 0x06, 0x05, 0x00, 0x00, 0x12, 0x03, 0x6f, 0xec, 0xea, 0xff, 0x60, 0x00,
	0x01, 0x05, 0x00, 0x5d, 0x94, 0x13, 0x21, 0xd2, 0x30, 0x19, 0x6e, 0x12, 0x00, 0x14, 0x02, 0x13,
	0xef, 0xff, 0xb0, 0xd0, 0xe9, 0x87, 0x94, 0x91, 0x95, 0xbb, 0xd7, 0x0f, 0x13, 0xef, 0xff, 0xb5,
	0x93, 0x9d, 0xff, 0xa4, 0x93, 0x8d, 0xb1, 0xd9, 0x0f, 0x00, 0x5d, 0x94, 0x10, 0x00, 0x00, 0xa3,
	0x81, 0x09, 0x51, 0x51, 0x0e, 0x02, 0x05, 0x00, 0x01, 0x13, 0x0b, 0x00, 0x1e, 0xe0, 0xe4, 0xff,
	0xcc, 0x00, 0x04, 0x05, 0x04, 0x08, 0x13, 0x0f, 0x05, 0x01, 0x18, 0x20, 0x60, 0x53, 0x00, 0x05,
	0x06, 0x05, 0x0a, 0x11, 0x10, 0x05, 0x23, 0x2b, 0x7d, 0x20, 0x03, 0x06, 0x06, 0x05, 0x00, 0x00,
	0x12, 0x03, 0x6f, 0xec, 0xea, 0xff, 0x60, 0x00, 0x01, 0x05, 0x00, 0x5d, 0x94, 0x13, 0x21, 0xd2,
	0x30, 0x19, 0x6e, 0x12, 0x00, 0x14, 0x02, 0x13, 0xef, 0xff, 0xb0, 0xd0, 0xe9, 0x87, 0x94, 0x91,
	0x95, 0xbb, 0xd7, 0x0f, 0x13, 0xef, 0xff, 0xb5, 0x93, 0x9d, 0xff, 0xa4, 0x93, 0x8d, 0xb1, 0xd9,
	0x0f, 0x00, 0x5d, 0x94, 0x10, 0x00, 0x00, 0xa3, 0x81, 0x09, 0x51, 0x51, 0x0e, 0x02, 0x05, 0x00,
	0x01, 0x13, 0x0b, 0x00, 0x1e, 0xe0, 0xe4, 0xff, 0xcc, 0x00, 0x04, 0x05, 0x04, 0x08, 0x13, 0x0f,
	0x05, 0x01, 0x18, 0x20, 0x60, 0x53, 0x00, 0x05, 0x06, 0x05, 0x0a, 0x11, 0x10, 0x05, 0x23, 0x2b,
	0x7d, 0x20, 0x03, 0x06, 0x06, 0x05, 0x00, 0x00, 0x12, 0x03, 0x6f, 0xec, 0xea, 0xff, 0x60, 0x00,
	0x01, 0x05, 0x00, 0x5d, 0x94, 0x13, 0x21, 0xd2, 0x30, 0x19, 0x6e, 0x12, 0x00, 0x14, 0x02, 0x13,
	0xef, 0xff, 0xb0, 0xd0, 0xe9, 0x87, 0x94, 0x91, 0x95, 0xbb, 0xd7, 0x0f, 0x13, 0xef, 0xff, 0xb5,
	0x93, 0x9d, 0xff, 0xa4, 0x93, 0x8d, 0xb1, 0xd9, 0x0f, 0x00, 0x5d, 0x94, 0x10, 0x00, 0x00, 0xa3,
	0x81, 0x09, 0x51, 0x51, 0x0e, 0x02, 0x05, 0x00, 0x01, 0x13, 0x0b, 0x00, 0x1e, 0xe0, 0xe4, 0xff,
	0xcc, 0x00, 0x04, 0x05, 0x04, 0x08, 0x13, 0x0f, 0x05, 0x01, 0x18, 0x20, 0x60, 0x53, 0x00, 0x05,
	0x06, 0x05, 0x0a, 0x11, 0x10, 0x05, 0x23, 0x2b, 0x7d, 0x20, 0x03, 0x06, 0x06, 0x05, 0x00, 0x00,
	0x12, 0x03, 0x6f, 0xec, 0xea, 0xff, 0x60, 0x00, 0x01, 0x05, 0x00, 0x5d, 0x94, 0x13, 0x21, 0xd2,
	0x30, 0x19, 0x6e, 0x12, 0x00, 0x14, 0x02, 0x13, 0xee, 0xff, 0xb0, 0xd0, 0xe9, 0x87, 0x94, 0x91,
	0x95, 0xbb, 0xd7, 0x0f, 0x13, 0xef, 0xff, 0xb5, 0x93, 0x9d, 0xff, 0xa4, 0x93, 0x8d, 0xb1, 0xd9,
	0x0f, 0x00, 0x5d, 0x94, 0x10, 0x00, 0x00, 0xa3, 0x81, 0x09, 0x51, 0x51, 0x0e, 0x02, 0x05, 0x00,
	0x01, 0x13, 0x0b, 0x00, 0x1e, 0xe0, 0xe4, 0xff, 0xcc, 0x00, 0x04, 0x05, 0x04, 0x08, 0x13, 0x0f,
	0x05, 0x01, 0x18, 0x20, 0x60, 0x53, 0x00, 0x05, 0x06, 0x05, 0x0a, 0x11, 0x10, 0x05, 0x23, 0x2b,
	0x7d, 0x20, 0x03, 0x06, 0x06, 0x05, 0x00, 0x00, 0x12, 0x03, 0x6f, 0xec, 0xea, 0xff, 0x60, 0x00,
	0x01, 0x05, 0x00, 0x5d, 0x94, 0x13, 0x21, 0xd2, 0x30, 0x19, 0x6e, 0x12, 0x00, 0x14, 0x02, 0x13,
	0xef, 0xff, 0xb0, 0xd0, 0xe9, 0x87, 0x94, 0x91, 0x95, 0xbb, 0xd7, 0x0f, 0x13, 0xef, 0xff, 0xb5,
	0x93, 0x9d, 0xff, 0xa4, 0x93, 0x8d, 0xb1, 0xd9, 0x0f, 0x00, 0x5d, 0x94, 0x10, 0x00, 0x00, 0xa3,
	0x81, 0x09, 0x51, 0x51, 0x0e, 0x02, 0x05, 0x00, 0x01, 0x13, 0x0b, 0x00, 0x1e, 0xe0, 0xe4, 0xff,
	0xcc, 0x00, 0x04, 0x05, 0x04, 0x08, 0x13, 0x0f, 0x05, 0x01, 0x18, 0x20, 0x60, 0x53, 0x00, 0x05,
	0x06, 0x05, 0x0a, 0x11, 0x10, 0x05, 0x23, 0x2b, 0x7d, 0x20, 0x03, 0x06, 0x06, 0x05, 0x00, 0x00,
	0x12, 0x03, 0x6f, 0xec, 0xea, 0xff, 0x60, 0x00, 0x01, 0x05, 0x00, 0x5d, 0x94, 0x13, 0x21, 0xd2,
	0x30, 0x19, 0x6e, 0x12, 0x00, 0x14, 0x02, 0x13, 0xef, 0xff, 0xb0, 0xd0, 0xe9, 0x87, 0x94, 0x91,
	0x95, 0xbb, 0xd7, 0x0f, 0x13, 0xef, 0xff, 0xb5, 0x93, 0x9d, 0xff, 0xa4, 0x93, 0x8d, 0xb1, 0xd9,
	0x0f, 0x00, 0x5d, 0x94, 0x10, 0x00, 0x00, 0xa3, 0x81, 0x09, 0x51, 0x51, 0x0e, 0x02, 0x05, 0x00,
	0x01, 0x13, 0x0b, 0x00, 0x1e, 0xe0, 0xe4, 0xff, 0xcc, 0x00, 0x04, 0x05, 0x04, 0x08, 0x13, 0x0f,
	0x05, 0x01, 0x18, 0x20, 0x60, 0x53, 0x00, 0x05, 0x06, 0x05, 0x0a, 0x11, 0x10, 0x05, 0x23, 0x2b,
	0x7d, 0x20, 0x03, 0x06, 0x06, 0x05, 0x00, 0x00, 0x12, 0x03, 0x6f, 0xec, 0xea, 0xff, 0x60, 0x00,
	0x01, 0x05, 0x00, 0x5d, 0x94, 0x13, 0x21, 0xd2, 0x30, 0x19, 0x6e, 0x12, 0x00, 0x14, 0x02, 0x13,
	0xef, 0xff, 0xb0, 0xd0, 0xe9, 0x87, 0x94, 0x91, 0x95, 0xbb, 0xd7, 0x0f, 0x13, 0xef, 0xff, 0xb5,
	0x93, 0x9d, 0xff, 0xa4, 0x93, 0x8d, 0xb1, 0xd9, 0x0f, 0x00, 0x5d, 0x94, 0x10, 0x00, 0x00, 0xa3,
	0x81, 0x09, 0x51, 0x51, 0x0e, 0x02, 0x05, 0x00, 0x01, 0x13, 0x0b, 0x00, 0x1e, 0xe0, 0xe4, 0xff,
	0xcc, 0x00, 0x04, 0x05, 0x04, 0x08, 0x13, 0x0f, 0x05, 0x01, 0x18, 0x20, 0x60, 0x53, 0x00, 0x05,
	0x06, 0x05, 0x0a, 0x11, 0x10, 0x05, 0x23, 0x2b, 0x7d, 0x20, 0x03, 0x06, 0x06, 0x05, 0x00, 0x00,
	0x12, 0x03, 0x6f, 0xec, 0xea, 0xff, 0x60, 0x00, 0x01, 0x05, 0x00, 0x5d, 0x94, 0x13, 0x21, 0xd2,
	0x30, 0x19, 0x6e, 0x12, 0x00, 0x14, 0x02, 0x13, 0xee, 0xff, 0xb0, 0xd0, 0xe9, 0x87, 0x94, 0x91,
	0x95, 0xbb, 0xd7, 0x0f, 0x13, 0xef, 0xff, 0xb5, 0x93, 0x9d, 0xff, 0xa4, 0x93, 0x8d, 0xb1, 0xd9,
	0x0f, 0x00, 0x5d, 0x94, 0x10, 0x00, 0x00, 0xa3, 0x81, 0x09, 0x51, 0x51, 0x0e, 0x02, 0x05, 0x00,
	0x01, 0x13, 0x0b, 0x00, 0x1e, 0xe0, 0xe4, 0xff, 0xcc, 0x00, 0x04, 0x05, 0x04, 0x08, 0x13, 0x0f,
	0x05, 0x01, 0x18, 0x20, 0x60, 0x53, 0x00, 0x05, 0x06, 0x05, 0x0a, 0x11, 0x10, 0x05, 0x23, 0x2b,
	0x7d, 0x20, 0x03, 0x06, 0x06, 0x05, 0x00, 0x00, 0x12, 0x03, 0x6f, 0xec, 0xea, 0xff, 0x60, 0x00,
	0x01, 0x05, 0x00, 0x5d, 0x94, 0x13, 0x21, 0xd2, 0x30, 0x19, 0x6e, 0x12, 0x00, 0x14, 0x02, 0x13,
	0xef, 0xff, 0xb0, 0xd0, 0xe9, 0x87, 0x94, 0x91, 0x95, 0xbb, 0xd7, 0x0f, 0x13, 0xef, 0xff, 0xb5,
	0x93, 0x9d, 0xff, 0xa4, 0x93, 0x8d, 0xb1, 0xd9, 0x0f, 0x00, 0x5d, 0x94, 0x10, 0x00, 0x00, 0xa3,
	0x81, 0x09, 0x51, 0x51, 0x0e, 0x02, 0x05, 0x00, 0x01, 0x13, 0x0b, 0x00, 0x1e, 0xe0, 0xe4, 0xff,
	0xcc, 0x00, 0x04, 0x05, 0x04, 0x08, 0x13, 0x0f, 0x05, 0x01, 0x18, 0x20, 0x60, 0x53, 0x00, 0x05,
	0x06, 0x05, 0x0a, 0x11, 0x10, 0x05, 0x23, 0x2b, 0x7d, 0x20, 0x03, 0x06, 0x06, 0x05, 0x00, 0x00,
	0x12, 0x03, 0x6f, 0xec, 0xea, 0xff, 0x60, 0x00, 0x01, 0x05, 0x00, 0x5d, 0x94, 0x13, 0x21, 0xd2,
	0x30, 0x19, 0x6e, 0x12, 0x00, 0x14, 0x02, 0x13, 0xef, 0xff, 0xb0, 0xd0, 0xe9, 0x87, 0x94, 0x91,
	0x95, 0xbb, 0xd7, 0x0f, 0x13, 0xef, 0xff, 0xb5, 0x93, 0x9d, 0xff, 0xa4, 0x93, 0x8d, 0xb1, 0xd9,
	0x0f, 0x00, 0x5d, 0x94, 0x10, 0x00, 0x00, 0xa3, 0x81, 0x09, 0x51, 0x51, 0x0e, 0x02, 0x05, 0x00,
	0x01, 0x13, 0x0b, 0x00, 0x1e, 0xe0, 0xe4, 0xff, 0xcc, 0x00, 0x04, 0x05, 0x04, 0x08, 0x13, 0x0f,
	0x05, 0x01, 0x18, 0x20, 0x60, 0x53, 0x00, 0x05, 0x06, 0x05, 0x0a, 0x11, 0x10, 0x05, 0x23, 0x2b,
	0x7d, 0x20, 0x03, 0x06, 0x06, 0x05, 0x00, 0x00, 0x12, 0x03, 0x6f, 0xec, 0xea, 0xff, 0x60, 0x00,
	0x01, 0x05, 0x00, 0x5d, 0x94, 0x13, 0x21, 0xd2, 0x30, 0x19, 0x6e, 0x12, 0x00, 0x14, 0x02, 0x13,
	0xef, 0xff, 0xb0, 0xd0, 0xe9, 0x87, 0x94, 0x91, 0x95, 0xbb, 0xd7, 0x0f, 0x13, 0xef, 0xff, 0xb5,
	0x93, 0x9d, 0xff, 0xa4, 0x93, 0x8d, 0xb1, 0xd9, 0x0f, 0x00, 0x5d, 0x94, 0x10, 0x00, 0x00, 0xa3,
	0x81, 0x09, 0x51, 0x51, 0x0e, 0x02, 0x05, 0x00, 0x01, 0x13, 0x0b, 0x00, 0x1e, 0xe0, 0xe4, 0xff,
	0xcc, 0x00, 0x04, 0x05, 0x04, 0x08, 0x13, 0x0f, 0x05, 0x01, 0x18, 0x20, 0x60, 0x53, 0x00, 0x05,
	0x06, 0x05, 0x0a, 0x11, 0x10, 0x05, 0x23, 0x2b, 0x7d, 0x20, 0x03, 0x06, 0x06, 0x05, 0x00, 0x00,
	0x12, 0x03, 0x6f, 0xec, 0xea, 0xff, 0x60, 0x00, 0x01, 0x05, 0x00, 0x5d, 0x94, 0x13, 0x21, 0xd2,
	0x30, 0x19, 0x6e, 0x12, 0x00, 0x14, 0x02, 0x13, 0xee, 0xff, 0xb0, 0xd0, 0xe9, 0x87, 0x94, 0x91,
	0x95, 0xbb, 0xd7, 0x0f, 0x13, 0xef, 0xff, 0xb5, 0x93, 0x9d, 0xff, 0xa4, 0x93, 0x8d, 0xb1, 0xd9,
	0x0f, 0x00, 0x5d, 0x94, 0x10, 0x00, 0x00, 0xa3, 0x81, 0x09, 0x51, 0x51, 0x0e, 0x02, 0x05, 0x00,
	0x01, 0x13, 0x0b, 0x00, 0x1e, 0xe0, 0xe4, 0xff, 0xcc, 0x00, 0x04, 0x05, 0x04, 0x08, 0x13, 0x0f,
	0x05, 0x01, 0x18, 0x20, 0x60, 0x53, 0x00, 0x05, 0x06, 0x05, 0x0a, 0x11, 0x10, 0x05, 0x23, 0x2b,
	0x7d, 0x20, 0x03, 0x06, 0x06, 0x05, 0x00, 0x00, 0x12, 0x03, 0x6f, 0xec, 0xea, 0xff, 0x60, 0x00,
	0x01, 0x05, 0x00, 0x5d, 0x94, 0x13, 0x21, 0xd2, 0x30, 0x19, 0x6e, 0x12, 0x00, 0x14, 0x02, 0x13,
	0xef, 0xff, 0xb0, 0xd0, 0xe9, 0x87, 0x94, 0x91, 0x95, 0xbb, 0xd7, 0x0f, 0x13, 0xef, 0xff, 0xb5,
	0x93, 0x9d, 0xff, 0xa4, 0x93, 0x8d, 0xb1, 0xd9, 0x0f, 0x00, 0x5d, 0x94, 0x10, 0x00, 0x00, 0xa3,
	0x81, 0x09, 0x51, 0x51, 0x0e, 0x02, 0x05, 0x00, 0x01, 0x13, 0x0b, 0x00, 0x1e, 0xe0, 0xe4, 0xff,
	0xcc, 0x00, 0x04, 0x05, 0x04, 0x08, 0x13, 0x0f, 0x05, 0x01, 0x18, 0x20, 0x60, 0x53, 0x00, 0x05,
	0x06, 0x05, 0x0a, 0x11, 0x10, 0x05, 0x23, 0x2b, 0x7d, 0x20, 0x03, 0x06, 0x06, 0x05, 0x00, 0x00,
	0x12, 0x03, 0x6f, 0xec, 0xea, 0xff, 0x60, 0x00, 0x01, 0x05, 0x00, 0x5d, 0x94, 0x13, 0x21, 0xd2,
	0x30, 0x19, 0x6e, 0x12, 0x00, 0x14, 0x02, 0x13, 0xef, 0xff, 0xb0, 0xd0, 0xe9, 0x87, 0x94, 0x91,
	0x95, 0xbb, 0xd7, 0x0f, 0x13, 0xef, 0xff, 0xb5, 0x93, 0x9d, 0xff, 0xa4, 0x93, 0x8d, 0xb1, 0xd9,
	0x0f, 0x00, 0x5d, 0x94, 0x10, 0x00, 0x00, 0xa3, 0x81, 0x09, 0x51, 0x51, 0x0e, 0x02, 0x05, 0x00,
	0x01, 0x13, 0x0b, 0x00, 0x1e, 0xe0, 0xe4, 0xff, 0xcc, 0x00, 0x04, 0x05, 0x04, 0x08, 0x13, 0x0f,
	0x05, 0x01, 0x18, 0x20, 0x60, 0x53, 0x00, 0x05, 0x06, 0x05, 0x0a, 0x11, 0x10, 0x05, 0x23, 0x2b,
	0x7d, 0x20, 0x03, 0x06, 0x06, 0x05, 0x00, 0x00, 0x12, 0x03, 0x6f, 0xec, 0xea, 0xff, 0x60, 0x00,
	0x01, 0x05, 0x00, 0x5d, 0x94, 0x13, 0x21, 0xd2, 0x30, 0x19, 0x6e, 0x12, 0x00, 0x14, 0x02, 0x13,
	0xef, 0xff, 0xb0, 0xd0, 0xe9, 0x87, 0x94, 0x91, 0x95, 0xbb, 0xd7, 0x0f, 0x13, 0xef, 0xff, 0xb5,
	0x93, 0x9d, 0xff, 0xa4, 0x93, 0x8d, 0xb1, 0xd9, 0x0f, 0x00, 0x5d, 0x94, 0x10, 0x00, 0x00, 0xa3,
	0x81, 0x09, 0x51, 0x51, 0x0e, 0x02, 0x05, 0x00, 0x01, 0x13, 0x0b, 0x00, 0x1e, 0xe0, 0xe4, 0xff,
	0xcc, 0x00, 0x04, 0x05, 0x04, 0x08, 0x13, 0x0f, 0x05, 0x01, 0x18, 0x20, 0x60, 0x53, 0x00, 0x05,
	0x06, 0x05, 0x0a, 0x11, 0x10, 0x05, 0x23, 0x2b, 0x7d, 0x20, 0x03, 0x06, 0x06, 0x05, 0x00, 0x00,
	0x12, 0x03, 0x6f, 0xec, 0xea, 0xff, 0x60, 0x00, 0x01, 0x05, 0x00, 0x5d, 0x94, 0x13, 0x21, 0xd2,
	0x30, 0x19, 0x6e, 0x12, 0x00, 0x14, 0x02, 0x13, 0xee, 0xff, 0xb0, 0xd0, 0xe9, 0x87, 0x94, 0x91,
	0x95, 0xbb, 0xd7, 0x0f, 0x13, 0xef, 0xff, 0xb5, 0x93, 0x9d, 0xff, 0xa4, 0x93, 0x8d, 0xb1, 0xd9,
	0x0f, 0x00, 0x5d, 0x94, 0x10, 0x00, 0x00, 0xa3, 0x81, 0x09, 0x51, 0x51, 0x0e, 0x02, 0x05, 0x00,
	0x01, 0x13, 0x0b, 0x00, 0x1e, 0xe0, 0xe4, 0xff, 0xcc, 0x00, 0x04, 0x05, 0x04, 0x08, 0x13, 0x0f,
	0x05, 0x01, 0x18, 0x20, 0x60, 0x53, 0x00, 0x05, 0x06, 0x05, 0x0a, 0x11, 0x10, 0x05, 0x23, 0x2b,
	0x7d, 0x20, 0x03, 0x06, 0x06, 0x05, 0x00, 0x00, 0x12, 0x03, 0x6f, 0xec, 0xea, 0xff, 0x60, 0x00,
	0x01, 0x05, 0x00, 0x5d, 0x94, 0x13, 0x21, 0xd2, 0x30, 0x19, 0x6e, 0x12, 0x00, 0x14, 0x02, 0x13,
	0xef, 0xff, 0xb0, 0xd0, 0xe9, 0x87, 0x94, 0x91, 0x95, 0xbb, 0xd7, 0x0f, 0x13, 0xef, 0xff, 0xb5,
	0x93, 0x9d, 0xff, 0xa4, 0x93, 0x8d, 0xb1, 0xd9, 0x0f, 0x00, 0x5d, 0x94, 0x10, 0x00, 0x00, 0xa3,
	0x81, 0x09, 0x51, 0x51, 0x0e, 0x02, 0x05, 0x00, 0x01, 0x13, 0x0b, 0x00, 0x1e, 0xe0, 0xe4, 0xff,
	0xcc, 0x00, 0x04, 0x05, 0x04, 0x08, 0x13, 0x0f, 0x05, 0x01, 0x18, 0x20, 0x60, 0x53, 0x00, 0x05,
	0x06, 0x05, 0x0a, 0x11, 0x10, 0x05, 0x23, 0x2b, 0x7d, 0x20, 0x03, 0x06, 0x06, 0x05, 0x00, 0x00,
	0x12, 0x03, 0x6f, 0xec, 0xea, 0xff, 0x60, 0x00, 0x01, 0x05, 0x00, 0x5d, 0x94, 0x13, 0x21, 0xd2,
	0x30, 0x19, 0x6e, 0x12, 0x00, 0x14, 0x02, 0x13, 0xef, 0xff, 0xb0, 0xd0, 0xe9, 0x87, 0x94, 0x91,
	0x95, 0xbb, 0xd7, 0x0f, 0x13, 0xef, 0xff, 0xb5, 0x93, 0x9d, 0xff, 0xa4, 0x93, 0x8d, 0xb1, 0xd9,
	0x0f, 0x00, 0x5d, 0x94, 0x10, 0x00, 0x00, 0xa3, 0x81, 0x09, 0x51, 0x51, 0x0e, 0x02, 0x05, 0x00,
	0x01, 0x13, 0x0b, 0x00, 0x1e, 0xe0, 0xe4, 0xff, 0xcc, 0x00, 0x04, 0x05, 0x04, 0x08, 0x13, 0x0f,
	0x05, 0x01, 0x18, 0x20, 0x60, 0x53, 0x00, 0x05, 0x06, 0x05, 0x0a, 0x11, 0x10, 0x05, 0x23, 0x2b,
	0x7d, 0x20, 0x03, 0x06, 0x06, 0x05, 0x00, 0x00, 0x12, 0x03, 0x6f, 0xec, 0xea, 0xff, 0x60, 0x00,
	0x01, 0x05, 0x00, 0x5d, 0x94, 0x13, 0x21, 0xd2, 0x30, 0x19, 0x6e, 0x12, 0x00, 0x14, 0x02, 0x13,
	0xef, 0xff, 0xb0, 0xd0, 0xe9, 0x87, 0x94, 0x91, 0x95, 0xbb, 0xd7, 0x0f, 0x13, 0xef, 0xff, 0xb5,
	0x93, 0x9d, 0xff, 0xa4, 0x93, 0x8d, 0xb1, 0xd9, 0x0f, 0x00, 0x5d, 0x94, 0x10, 0x00, 0x00, 0xa3,
	0x81, 0x09, 0x51, 0x51, 0x0e, 0x02, 0x05, 0x00, 0x01, 0x13, 0x0b, 0x00, 0x1e, 0xe0, 0xe4, 0xff,
	0xcc, 0x00, 0x04, 0x05, 0x04, 0x08, 0x13, 0x0f, 0x05, 0x01, 0x18, 0x20, 0x60, 0x53, 0x00, 0x05,
	0x06, 0x05, 0x0a, 0x11, 0x10, 0x05, 0x23, 0x2b, 0x7d, 0x20, 0x03, 0x06, 0x06, 0x05, 0x00, 0x00,
	0x12, 0x03, 0x6f, 0xec, 0xea, 0xff, 0x60, 0x00, 0x01, 0x05, 0x00, 0x5d, 0x94, 0x13, 0x21, 0xd2,
	0x30, 0x19, 0x6e, 0x12, 0x00, 0x14, 0x02, 0x13, 0xee, 0xff, 0xb0, 0xd0, 0xe9, 0x87, 0x94, 0x91,
	0x95, 0xbc, 0xd7, 0x0f, 0x13, 0xef, 0xff, 0xb5, 0x93, 0x9d, 0xff, 0xa4, 0x93, 0x8d, 0xb1, 0xd9,
	0x0f, 0x00, 0x5d, 0x94, 0x10, 0x00, 0x00, 0xa3, 0x81, 0x09, 0x51, 0x51, 0x0e, 0x02, 0x05, 0x00,
	0x01, 0x13, 0x0b, 0x00, 0x1e, 0xe0, 0xe4, 0xff, 0xcc, 0x00, 0x04, 0x05, 0x04, 0x08, 0x13, 0x0f,
	0x05, 0x01, 0x18, 0x20, 0x60, 0x53, 0x00, 0x05, 0x06, 0x05, 0x0a, 0x11, 0x10, 0x05, 0x23, 0x2b,
	0x7d, 0x20, 0x03, 0x06, 0x06, 0x05, 0x00, 0x00, 0x12, 0x03, 0x6f, 0xec, 0xea, 0xff, 0x60, 0x00,
	0x01, 0x05, 0x00, 0x5d, 0x94, 0x13, 0x21, 0xd2, 0x30, 0x19, 0x6e, 0x12, 0x00, 0x14, 0x02, 0x13,
	0xef, 0xff, 0xb0, 0xd0, 0xe9, 0x87, 0x94, 0x91, 0x95, 0xbc, 0xd8, 0x0f, 0x13, 0xef, 0xff, 0xb5,
	0x93, 0x9d, 0xff, 0xa4, 0x93, 0x8d, 0xb2, 0xd9, 0x0f, 0x00, 0x5d, 0x94, 0x10, 0x00, 0x00, 0xa3,
	0x81, 0x09, 0x51, 0x51, 0x0e, 0x02, 0x05, 0x00, 0x01, 0x13, 0x0b, 0x00, 0x1e, 0xe0, 0xe4, 0xff,
	0xcc, 0x00, 0x04, 0x05, 0x04, 0x08, 0x13, 0x0f, 0x05, 0x01, 0x18, 0x20, 0x60, 0x53, 0x00, 0x05,
	0x06, 0x05, 0x0a, 0x11, 0x10, 0x05, 0x23, 0x2b, 0x7d, 0x20, 0x03, 0x06, 0x06, 0x05, 0x00, 0x00,
	0x12, 0x03, 0x6f, 0xec, 0xea, 0xff, 0x60, 0x00, 0x01, 0x05, 0x00, 0x5d, 0x94, 0x13, 0x21, 0xd2,
	0x30, 0x19, 0x6f, 0x12, 0x00, 0x14, 0x02, 0x13, 0xef, 0xff, 0xb0, 0xd0, 0xe9, 0x87, 0x94, 0x91,
	0x95, 0xbc, 0xd8, 0x0f, 0x13, 0xef, 0xff, 0xb5, 0x93, 0x9d, 0xff, 0xa4, 0x93, 0x8d, 0xb3, 0xd9,
	0x0f, 0x00, 0x5d, 0x94, 0x10, 0x00, 0x00, 0xa3, 0x81, 0x09, 0x51, 0x52, 0x0f, 0x02, 0x05, 0x00,
	0x01, 0x13, 0x0b, 0x00, 0x1e, 0xe0, 0xe4, 0xff, 0xcc, 0x00, 0x04, 0x05, 0x04, 0x08, 0x13, 0x0f,
	0x05, 0x01, 0x18, 0x20, 0x60, 0x53, 0x00, 0x05, 0x06, 0x05, 0x0a, 0x11, 0x10, 0x05, 0x23, 0x2c,
	0x82, 0x22, 0x03, 0x06, 0x06, 0x05, 0x00, 0x00, 0x12, 0x03, 0x6f, 0xec, 0xeb, 0xff, 0x63, 0x00,
	0x01, 0x05, 0x00, 0x5d, 0x94, 0x13, 0x21, 0xd2, 0x2f, 0x1a, 0x74, 0x14, 0x01, 0x16, 0x02, 0x13,
	0xef, 0xff, 0xb0, 0xd0, 0xe9, 0x87, 0x94, 0x91, 0x94, 0xbd, 0xdc, 0x11, 0x13, 0xef, 0xff, 0xb5,
	0x93, 0x9d, 0xff, 0xa4, 0x93, 0x8d, 0xb4, 0xdc, 0x10, 0x00, 0x5d, 0x94, 0x10, 0x00, 0x00, 0xa3,
	0x81, 0x08, 0x53, 0x56, 0x11, 0x02, 0x05, 0x00, 0x01, 0x13, 0x0b, 0x00, 0x1e, 0xe0, 0xe4, 0xff,
	0xce, 0x00, 0x04, 0x05, 0x04, 0x08, 0x13, 0x0f, 0x05, 0x01, 0x18, 0x20, 0x62, 0x56, 0x00, 0x05,
	0x06, 0x05, 0x0a, 0x11, 0x10, 0x05, 0x22, 0x2d, 0x87, 0x24, 0x02, 0x06, 0x06, 0x05, 0x00, 0x00,
	0x12, 0x03, 0x6f, 0xec, 0xeb, 0xff, 0x66, 0x00, 0x01, 0x05, 0x00, 0x5d, 0x94, 0x13, 0x21, 0xd2,
	0x2f, 0x1a, 0x78, 0x16, 0x03, 0x18, 0x02, 0x13, 0xee, 0xff, 0xb0, 0xd0, 0xe9, 0x87, 0x93, 0x91,
	0x94, 0xbf, 0xdf, 0x12, 0x13, 0xef, 0xff, 0xb5, 0x93, 0x9d, 0xff, 0xa4, 0x93, 0x8d, 0xb5, 0xe0,
	0x12, 0x00, 0x5d, 0x94, 0x10, 0x00, 0x00, 0xa3, 0x81, 0x08, 0x56, 0x5a, 0x13, 0x02, 0x05, 0x00,
	0x01, 0x13, 0x0b, 0x00, 0x1e, 0xe0, 0xe4, 0xff, 0xd1, 0x00, 0x04, 0x05, 0x04, 0x08, 0x13, 0x0f,
	0x05, 0x01, 0x18, 0x20, 0x65, 0x5a, 0x00, 0x05, 0x06, 0x05, 0x0a, 0x11, 0x10, 0x05, 0x22, 0x2e,
	0x8b, 0x27, 0x02, 0x06, 0x06, 0x05, 0x00, 0x00, 0x12, 0x03, 0x6f, 0xec, 0xec, 0xff, 0x6a, 0x00,
	0x01, 0x05, 0x00, 0x5d, 0x94, 0x13, 0x21, 0xd2, 0x2f, 0x1c, 0x7e, 0x18, 0x03, 0x1a, 0x02, 0x13,
	0xef, 0xff, 0xb0, 0xd0, 0xe9, 0x87, 0x94, 0x91, 0x94, 0xc1, 0xe3, 0x14, 0x13, 0xef, 0xff, 0xb5,
	0x93, 0x9d, 0xff, 0xa4, 0x93, 0x8c, 0xb7, 0xe4, 0x14, 0x00, 0x5d, 0x94, 0x10, 0x00, 0x00, 0xa3,
	0x81, 0x08, 0x59, 0x60, 0x16, 0x02, 0x05, 0x00, 0x01, 0x13, 0x0b, 0x00, 0x1e, 0xe0, 0xe4, 0xff,
	0xd5, 0x00, 0x04, 0x05, 0x04, 0x08, 0x13, 0x0f, 0x05, 0x01, 0x18, 0x20, 0x69, 0x5e, 0x00, 0x05,
	0x06, 0x05, 0x0a, 0x11, 0x10, 0x05, 0x22, 0x30, 0x94, 0x2b, 0x01, 0x06, 0x06, 0x05, 0x00, 0x00,
	0x12, 0x03, 0x6f, 0xec, 0xed, 0xff, 0x71, 0x00, 0x00, 0x05, 0x00, 0x5d, 0x94, 0x13, 0x21, 0xd2,
	0x2f, 0x1d, 0x86, 0x1b, 0x05, 0x20, 0x02, 0x13, 0xef, 0xff, 0xb0, 0xd0, 0xe9, 0x87, 0x94, 0x91,
	0x93, 0xc4, 0xea, 0x18, 0x13, 0xef, 0xff, 0xb5, 0x93, 0x9d, 0xff, 0xa4, 0x93, 0x8c, 0xba, 0xea,
	0x17, 0x00, 0x5d, 0x94, 0x10, 0x00, 0x00, 0xa3, 0x81, 0x08, 0x5f, 0x68, 0x1a, 0x02, 0x05, 0x00,
	0x01, 0x13, 0x0b, 0x00, 0x1e, 0xe0, 0xe4, 0xff, 0xd9, 0x00, 0x04, 0x05, 0x04, 0x08, 0x13, 0x0f,
	0x05, 0x01, 0x18, 0x1f, 0x6f, 0x64, 0x00, 0x04, 0x06, 0x05, 0x0a, 0x11, 0x10, 0x05, 0x22, 0x32,
	0x9a, 0x2e, 0x01, 0x06, 0x06, 0x05, 0x00, 0x00, 0x12, 0x03, 0x6f, 0xec, 0xed, 0xff, 0x76, 0x00,
	0x00, 0x05, 0x00, 0x5d, 0x94, 0x13, 0x21, 0xd2, 0x2f, 0x1f, 0x8b, 0x1e, 0x06, 0x24, 0x02, 0x13,
	0xef, 0xff, 0xb0, 0xd0, 0xe9, 0x87, 0x93, 0x92, 0x93, 0xc7, 0xef, 0x1a, 0x13, 0xef, 0xff, 0xb5,
	0x93, 0x9d, 0xff, 0xa4, 0x93, 0x8c, 0xbc, 0xf0, 0x1b, 0x00, 0x5d, 0x94, 0x10, 0x00, 0x00, 0xa3,
	0x81, 0x08, 0x65, 0x71, 0x1e, 0x02, 0x05, 0x00, 0x01, 0x13, 0x0b, 0x00, 0x1e, 0xe0, 0xe5, 0xff,
	0xde, 0x00, 0x03, 0x05, 0x04, 0x08, 0x13, 0x0f, 0x05, 0x01, 0x18, 0x1f, 0x77, 0x6a, 0x00, 0x04,
	0x06, 0x05, 0x0a, 0x11, 0x10, 0x05, 0x21, 0x34, 0xa2, 0x32, 0x01, 0x06, 0x06, 0x05, 0x00, 0x00,
	0x12, 0x03, 0x6f, 0xeb, 0xee, 0xff, 0x7d, 0x00, 0x00, 0x05, 0x00, 0x5d, 0x94, 0x13, 0x21, 0xd2,
	0x2f, 0x21, 0x94, 0x23, 0x09, 0x29, 0x01, 0x13, 0xee, 0xff, 0xb0, 0xd0, 0xe9, 0x87, 0x93, 0x93,
	0x93, 0xca, 0xf4, 0x1d, 0x13, 0xef, 0xff, 0xb5, 0x93, 0x9d, 0xff, 0xa4, 0x93, 0x8c, 0xc0, 0xf4,
	0x1e, 0x00, 0x5d, 0x94, 0x10, 0x00, 0x00, 0xa3, 0x81, 0x08, 0x6b, 0x79, 0x24, 0x01, 0x05, 0x00,
	0x01, 0x13, 0x0b, 0x00, 0x1e, 0xe0, 0xe5, 0xff, 0xe2, 0x00, 0x03, 0x05, 0x04, 0x08, 0x13, 0x0f,
	0x05, 0x01, 0x18, 0x1f, 0x7b, 0x72, 0x00, 0x04, 0x06, 0x05, 0x0a, 0x11, 0x10, 0x05, 0x21, 0x35,
	0xa7, 0x35, 0x00, 0x06, 0x06, 0x05, 0x00, 0x00, 0x12, 0x03, 0x6f, 0xeb, 0xef, 0xff, 0x81, 0x00,
	0x00, 0x05, 0x00, 0x5d, 0x94, 0x13, 0x21, 0xd2, 0x2e, 0x23, 0x99, 0x25, 0x0b, 0x2d, 0x02, 0x13,
	0xee, 0xff, 0xb0, 0xd0, 0xe9, 0x87, 0x93, 0x93, 0x93, 0xcc, 0xf7, 0x21, 0x13, 0xef, 0xff, 0xb5,
	0x93, 0x9d, 0xff, 0xa4, 0x93, 0x8d, 0xc2, 0xf7, 0x21, 0x00, 0x5d, 0x94, 0x10, 0x00, 0x00, 0xa3,
	0x81, 0x08, 0x71, 0x82, 0x28, 0x01, 0x05, 0x00, 0x01, 0x13, 0x0b, 0x00, 0x1e, 0xe0, 0xe5, 0xff,
	0xe5, 0x01, 0x03, 0x05, 0x04, 0x08, 0x13, 0x0f, 0x05, 0x01, 0x18, 0x1f, 0x81, 0x77, 0x00, 0x04,
	0x06, 0x05, 0x0a, 0x11, 0x10, 0x05, 0x21, 0x37, 0xad, 0x39, 0x00, 0x06, 0x06, 0x05, 0x00, 0x00,
	0x12, 0x03, 0x6f, 0xeb, 0xf0, 0xff, 0x87, 0x00, 0x00, 0x05, 0x00, 0x5d, 0x94, 0x13, 0x21, 0xd2,
	0x2e, 0x25, 0x9f, 0x29, 0x0d, 0x31, 0x02, 0x13, 0xee, 0xff, 0xb0, 0xd0, 0xe9, 0x87, 0x93, 0x94,
	0x92, 0xce, 0xfa, 0x24, 0x13, 0xef, 0xff, 0xb5, 0x93, 0x9d, 0xff, 0xa4, 0x93, 0x8d, 0xc6, 0xfa,
	0x24, 0x00, 0x5d, 0x94, 0x10, 0x00, 0x00, 0xa3, 0x81, 0x08, 0x76, 0x8a, 0x2d, 0x01, 0x05, 0x00,
	0x01, 0x13, 0x0b, 0x00, 0x1e, 0xe0, 0xe6, 0xff, 0xe8, 0x02, 0x03, 0x05, 0x04, 0x08, 0x13, 0x0f,
	0x05, 0x01, 0x18, 0x1f, 0x88, 0x7e, 0x00, 0x04, 0x06, 0x05, 0x0a, 0x11, 0x10, 0x05, 0x21, 0x38,
	0xb0, 0x3a, 0x00, 0x06, 0x06, 0x05, 0x00, 0x00, 0x12, 0x03, 0x6f, 0xeb, 0xf1, 0xff, 0x89, 0x00,
	0x00, 0x05, 0x00, 0x5d, 0x94, 0x13, 0x21, 0xd2, 0x2e, 0x27, 0xa3, 0x2a, 0x0f, 0x36, 0x02, 0x13,
	0xee, 0xff, 0xb0, 0xd0, 0xe9, 0x87, 0x93, 0x95, 0x92, 0xd0, 0xfd, 0x25, 0x13, 0xef, 0xff, 0xb5,
	0x93, 0x9d, 0xff, 0xa4, 0x93, 0x8d, 0xc7, 0xfb, 0x25, 0x00, 0x5d, 0x94, 0x10, 0x00, 0x00, 0xa3,
	0x81, 0x08, 0x7a, 0x90, 0x30, 0x01, 0x05, 0x00, 0x01, 0x13, 0x0b, 0x00, 0x1e, 0xe0, 0xe6, 0xff,
	0xea, 0x03, 0x03, 0x05, 0x04, 0x08, 0x13, 0x0f, 0x05, 0x01, 0x17, 0x20, 0x8b, 0x81, 0x00, 0x04,
	0x06, 0x05, 0x0a, 0x11, 0x10, 0x05, 0x20, 0x39, 0xb4, 0x3c, 0x00, 0x06, 0x06, 0x05, 0x00, 0x00,
	0x12, 0x03, 0x6f, 0xeb, 0xf1, 0xff, 0x8b, 0x00, 0x00, 0x05, 0x00, 0x5d, 0x94, 0x13, 0x21, 0xd2,
	0x2e, 0x27, 0xa6, 0x2c, 0x0f, 0x36, 0x02, 0x13, 0xee, 0xff, 0xb0, 0xd0, 0xe9, 0x87, 0x93, 0x95,
	0x92, 0xd1, 0xfd, 0x26, 0x13, 0xef, 0xff, 0xb5, 0x93, 0x9d, 0xff, 0xa4, 0x93, 0x8e, 0xc8, 0xfd,
	0x27, 0x00, 0x5d, 0x94, 0x10, 0x00, 0x00, 0xa3, 0x81, 0x08, 0x7d, 0x95, 0x33, 0x02, 0x05, 0x00,
	0x01, 0x13, 0x0b, 0x00, 0x1e, 0xe0, 0xe6, 0xff, 0xec, 0x04, 0x02, 0x05, 0x04, 0x08, 0x13, 0x0f,
	0x05, 0x01, 0x17, 0x20, 0x8e, 0x85, 0x00, 0x04, 0x06, 0x05, 0x0a, 0x11, 0x10, 0x05, 0x21, 0x39,
	0xb4, 0x3c, 0x00, 0x06, 0x06, 0x05, 0x00, 0x00, 0x12, 0x03, 0x6f, 0xeb, 0xf1, 0xff, 0x8b, 0x00,
	0x00, 0x05, 0x00, 0x5d, 0x94, 0x13, 0x21, 0xd2, 0x2e, 0x27, 0xa6, 0x2c, 0x0f, 0x36, 0x02, 0x13,
	0xee, 0xff, 0xb0, 0xd0, 0xe9, 0x87, 0x93, 0x95, 0x92, 0xd1, 0xfd, 0x26, 0x13, 0xef, 0xff, 0xb5,
	0x93, 0x9d, 0xff, 0xa4, 0x93, 0x8e, 0xc8, 0xfc, 0x27, 0x00, 0x5d, 0x94, 0x10, 0x00, 0x00, 0xa3,
	0x81, 0x08, 0x7d, 0x96, 0x33, 0x02, 0x05, 0x00, 0x01, 0x13, 0x0b, 0x00, 0x1e, 0xe0, 0xe6, 0xff,
	0xec, 0x04, 0x02, 0x05, 0x04, 0x08, 0x13, 0x0f, 0x05, 0x01, 0x17, 0x20, 0x8e, 0x86, 0x00, 0x04,
	0x06, 0x05, 0x0a, 0x11, 0x10, 0x05, 0x21, 0x39, 0xb0, 0x3a, 0x00, 0x06, 0x06, 0x05, 0x00, 0x00,
	0x12, 0x03, 0x6f, 0xeb, 0xf1, 0xff, 0x89, 0x00, 0x00, 0x05, 0x00, 0x5d, 0x94, 0x13, 0x21, 0xd2,
	0x2e, 0x26, 0xa1, 0x2a, 0x0e, 0x35, 0x02, 0x13, 0xee, 0xff, 0xb0, 0xd0, 0xe9, 0x87, 0x93, 0x95,
	0x92, 0xcf, 0xfb, 0x24, 0x13, 0xef, 0xff, 0xb5, 0x93, 0x9d, 0xff, 0xa4, 0x93, 0x8e, 0xc7, 0xfb,
	0x25, 0x00, 0x5d, 0x94, 0x10, 0x00, 0x00, 0xa3, 0x81, 0x08, 0x7e, 0x92, 0x2f, 0x01, 0x05, 0x00,
	0x01, 0x13, 0x0b, 0x00, 0x1e, 0xe0, 0xe6, 0xff, 0xec, 0x04, 0x02, 0x05, 0x04, 0x08, 0x13, 0x0f,
	0x05, 0x01, 0x17, 0x20, 0x8e, 0x85, 0x00, 0x04, 0x06, 0x05, 0x0a, 0x11, 0x10, 0x05, 0x21, 0x35,
	0xa7, 0x34, 0x01, 0x06, 0x06, 0x05, 0x00, 0x00, 0x12, 0x03, 0x6f, 0xeb, 0xef, 0xff, 0x81, 0x00,
	0x00, 0x05, 0x00, 0x5d, 0x94, 0x13, 0x21, 0xd2, 0x2e, 0x23, 0x99, 0x26, 0x0b, 0x2c, 0x02, 0x13,
	0xee, 0xff, 0xb0, 0xd0, 0xe9, 0x87, 0x93, 0x93, 0x93, 0xcc, 0xf6, 0x20, 0x13, 0xef, 0xff, 0xb5,
	0x93, 0x9d, 0xff, 0xa4, 0x93, 0x8d, 0xc2, 0xf7, 0x21, 0x00, 0x5d, 0x94, 0x10, 0x00, 0x00, 0xa3,
	0x81, 0x08, 0x77, 0x8a, 0x29, 0x01, 0x05, 0x00, 0x01, 0x13, 0x0b, 0x00, 0x1e, 0xe0, 0xe6, 0xff,
	0xea, 0x03, 0x03, 0x05, 0x04, 0x08, 0x13, 0x0f, 0x05, 0x01, 0x18, 0x1f, 0x88, 0x80, 0x00, 0x04,
	0x06, 0x05, 0x0a, 0x11, 0x10, 0x05, 0x22, 0x31, 0x9c, 0x2f, 0x01, 0x06, 0x06, 0x05, 0x00, 0x00,
	0x12, 0x03, 0x6f, 0xec, 0xed, 0xff, 0x78, 0x00, 0x00, 0x05, 0x00, 0x5d, 0x94, 0x13, 0x21, 0xd2,
	0x2f, 0x1f, 0x8e, 0x1f, 0x07, 0x25, 0x02, 0x13, 0xee, 0xff, 0xb0, 0xd0, 0xe9, 0x87, 0x93, 0x92,
	0x93, 0xc7, 0xef, 0x1a, 0x13, 0xef, 0xff, 0xb5, 0x93, 0x9d, 0xff, 0xa4, 0x93, 0x8d, 0xbc, 0xef,
	0x1b, 0x00, 0x5d, 0x94, 0x10, 0x00, 0x00, 0xa3, 0x81, 0x08, 0x6e, 0x7a, 0x1f, 0x01, 0x05, 0x00,
	0x01, 0x13, 0x0b, 0x00, 0x1e, 0xe0, 0xe5, 0xff, 0xe3, 0x00, 0x03, 0x05, 0x04, 0x08, 0x13, 0x0f,
	0x05, 0x01, 0x18, 0x1f, 0x7e, 0x73, 0x00, 0x04, 0x06, 0x05, 0x0a, 0x11, 0x10, 0x05, 0x22, 0x2e,
	0x8c, 0x26, 0x02, 0x06, 0x06, 0x05, 0x00, 0x00, 0x12, 0x03, 0x6f, 0xec, 0xec, 0xff, 0x6b, 0x00,
	0x01, 0x05, 0x00, 0x5d, 0x94, 0x13, 0x21, 0xd2, 0x2f, 0x1b, 0x7e, 0x19, 0x03, 0x1b, 0x02, 0x13,
	0xee, 0xff, 0xb0, 0xd0, 0xe9, 0x87, 0x93, 0x91, 0x94, 0xc1, 0xe3, 0x14, 0x13, 0xef, 0xff, 0xb5,
	0x93, 0x9d, 0xff, 0xa4, 0x93, 0x8d, 0xb7, 0xe4, 0x14, 0x00, 0x5d, 0x94, 0x10, 0x00, 0x00, 0xa3,
	0x81, 0x08, 0x62, 0x6a, 0x16, 0x01, 0x05, 0x00, 0x01, 0x13, 0x0b, 0x00, 0x1e, 0xe0, 0xe5, 0xff,
	0xdb, 0x00, 0x04, 0x05, 0x04, 0x08, 0x13, 0x0f, 0x05, 0x01, 0x18, 0x1f, 0x71, 0x66, 0x00, 0x04,
	0x06, 0x05, 0x0a, 0x11, 0x10, 0x05, 0x23, 0x2b, 0x7a, 0x1f, 0x03, 0x06, 0x06, 0x05, 0x00, 0x00,
	0x12, 0x03, 0x6f, 0xec, 0xea, 0xff, 0x5d, 0x00, 0x02, 0x05, 0x00, 0x5d, 0x94, 0x13, 0x21, 0xd2,
	0x30, 0x18, 0x6a, 0x11, 0x00, 0x12, 0x02, 0x13, 0xee, 0xff, 0xb0, 0xd0, 0xe9, 0x87, 0x94, 0x91,
	0x95, 0xba, 0xd4, 0x0e, 0x13, 0xef, 0xff, 0xb5, 0x93, 0x9d, 0xff, 0xa4, 0x93, 0x8d, 0xb1, 0xd6,
	0x0e, 0x00, 0x5d, 0x94, 0x10, 0x00, 0x00, 0xa3, 0x81, 0x08, 0x56, 0x56, 0x0c, 0x02, 0x05, 0x00,
	0x01, 0x13, 0x0b, 0x00, 0x1e, 0xe0, 0xe4, 0xff, 0xcf, 0x00, 0x04, 0x05, 0x04, 0x08, 0x13, 0x0f,
	0x05, 0x01, 0x18, 0x20, 0x64, 0x58, 0x00, 0x05, 0x06, 0x05, 0x0a, 0x11, 0x10, 0x05, 0x24, 0x1e,
	0x64, 0x18, 0x04, 0x06, 0x06, 0x05, 0x00, 0x00, 0x12, 0x03, 0x6f, 0xed, 0xab, 0xff, 0x50, 0x00,
	0x03, 0x05, 0x00, 0x5d, 0x94, 0x13, 0x21, 0xd2, 0x30, 0x0d, 0x56, 0x0b, 0x00, 0x0a, 0x03, 0x13,
	0xee, 0xff, 0xb0, 0xd0, 0xe9, 0x87, 0x95, 0x92, 0x97, 0xb3, 0xc3, 0x08, 0x13, 0xef, 0xff, 0xb5,
	0x93, 0x9d, 0xff, 0xa4, 0x94, 0x8f, 0xab, 0xc4, 0x08, 0x00, 0x5d, 0x94, 0x10, 0x00, 0x00, 0xa3,
	0x81, 0x05, 0x40, 0x43, 0x05, 0x03, 0x05, 0x00, 0x01, 0x13, 0x0b, 0x00, 0x1e, 0xe3, 0xca, 0xde,
	0xc8, 0x00, 0x04, 0x05, 0x04, 0x08, 0x13, 0x0f, 0x05, 0x01, 0x18, 0x1d, 0x4f, 0x49, 0x00, 0x05,
	0x06, 0x05, 0x0a, 0x11, 0x10, 0x06, 0x24, 0x12, 0x4e, 0x13, 0x05, 0x06, 0x06, 0x05, 0x00, 0x00,
	0x12, 0x03, 0x6f, 0xed, 0x58, 0xfc, 0x41, 0x00, 0x04, 0x05, 0x00, 0x5d, 0x94, 0x13, 0x21, 0xd2,
	0x31, 0x01, 0x40, 0x05, 0x00, 0x03, 0x03, 0x13, 0xee, 0xff, 0xb0, 0xd0, 0xe9, 0x86, 0x98, 0x93,
	0x97, 0xac, 0xad, 0x04, 0x13, 0xef, 0xff, 0xb5, 0x93, 0x9d, 0xff, 0xa4, 0x95, 0x92, 0xa4, 0xae,
	0x04, 0x00, 0x5d, 0x94, 0x10, 0x00, 0x00, 0xa3, 0x81, 0x00, 0x2d, 0x31, 0x00, 0x03, 0x05, 0x00,
	0x01, 0x13, 0x0b, 0x00, 0x1e, 0xe7, 0x86, 0xb8, 0xb9, 0x00, 0x05, 0x05, 0x04, 0x08, 0x13, 0x0f,
	0x05, 0x01, 0x1a, 0x14, 0x3c, 0x3a, 0x00, 0x05, 0x06, 0x05, 0x0a, 0x11, 0x10, 0x06, 0x1e, 0x09,
	0x3a, 0x0e, 0x05, 0x06, 0x06, 0x05, 0x00, 0x00, 0x12, 0x03, 0x74, 0xd0, 0x1a, 0xe9, 0x33, 0x00,
	0x04, 0x05, 0x00, 0x5d, 0x94, 0x13, 0x21, 0xd3, 0x2d, 0x00, 0x2d, 0x00, 0x00, 0x00, 0x03, 0x13,
	0xee, 0xff, 0xb0, 0xd0, 0xe8, 0x87, 0x99, 0x95, 0x99, 0xa6, 0x96, 0x00, 0x13, 0xef, 0xff, 0xb5,
	0x93, 0x9d, 0xff, 0xa4, 0x97, 0x94, 0x9f, 0x97, 0x00, 0x00, 0x5d, 0x94, 0x10, 0x00, 0x00, 0xa3,
	0x81, 0x00, 0x1f, 0x21, 0x00, 0x04, 0x05, 0x00, 0x01, 0x13, 0x0b, 0x00, 0x1f, 0xe3, 0x34, 0xa5,
	0xa6, 0x00, 0x05, 0x05, 0x04, 0x08, 0x13, 0x0f, 0x05, 0x01, 0x18, 0x0a, 0x2e, 0x2c, 0x01, 0x05,
	0x06, 0x05, 0x0a, 0x11, 0x10, 0x07, 0x14, 0x06, 0x29, 0x0b, 0x05, 0x06, 0x06, 0x05, 0x00, 0x00,
	0x12, 0x03, 0x7a, 0x87, 0x02, 0xcc, 0x26, 0x00, 0x04, 0x05, 0x00, 0x5d, 0x94, 0x13, 0x20, 0xd4,
	0x23, 0x00, 0x1b, 0x00, 0x00, 0x00, 0x05, 0x13, 0xee, 0xff, 0xb0, 0xd0, 0xe8, 0x88, 0x9a, 0x97,
	0x99, 0xa0, 0x7e, 0x00, 0x13, 0xef, 0xff, 0xb5, 0x93, 0x9d, 0xff, 0xa4, 0x98, 0x95, 0x9c, 0x7e,
	0x00, 0x00, 0x5d, 0x94, 0x10, 0x00, 0x00, 0xa4, 0x7c, 0x00, 0x13, 0x13, 0x00, 0x05, 0x05, 0x00,
	0x01, 0x13, 0x0b, 0x00, 0x25, 0xb6, 0x00, 0x95, 0x8f, 0x00, 0x05, 0x05, 0x04, 0x08, 0x13, 0x0f,
	0x05, 0x02, 0x12, 0x03, 0x21, 0x1f, 0x02, 0x05, 0x06, 0x05, 0x0a, 0x11, 0x11, 0x04, 0x08, 0x06,
	0x1c, 0x08, 0x06, 0x06, 0x06, 0x05, 0x00, 0x00, 0x12, 0x03, 0x71, 0x4b, 0x00, 0xa9, 0x1c, 0x01,
	0x04, 0x05, 0x00, 0x5d, 0x94, 0x13, 0x20, 0xd3, 0x22, 0x00, 0x0e, 0x00, 0x00, 0x00, 0x05, 0x13,
	0xee, 0xff, 0xb0, 0xd0, 0xe8, 0x89, 0x9a, 0x99, 0x9b, 0x96, 0x64, 0x00, 0x13, 0xef, 0xff, 0xb5,
	0x93, 0x9d, 0xff, 0xa5, 0x98, 0x98, 0x93, 0x63, 0x00, 0x00, 0x5d, 0x94, 0x10, 0x00, 0x00, 0xa4,
	0x80, 0x00, 0x09, 0x09, 0x00, 0x05, 0x05, 0x00, 0x01, 0x13, 0x0b, 0x00, 0x26, 0x6b, 0x00, 0x7b,
	0x75, 0x00, 0x05, 0x05, 0x04, 0x08, 0x13, 0x0f, 0x05, 0x01, 0x00, 0x03, 0x17, 0x15, 0x03, 0x05,
	0x06, 0x05, 0x0a, 0x11, 0x10, 0x00, 0x05, 0x06, 0x12, 0x07, 0x05, 0x06, 0x06, 0x05, 0x00, 0x00,
	0x12, 0x0b, 0x31, 0x0e, 0x03, 0x86, 0x14, 0x02, 0x04, 0x04, 0x00, 0x5d, 0x94, 0x13, 0x21, 0xcc,
	0x12, 0x00, 0x05, 0x00, 0x00, 0x00, 0x05, 0x13, 0xee, 0xff, 0xb0, 0xd0, 0xe9, 0x8b, 0x99, 0x9a,
	0x9b, 0x65, 0x45, 0x00, 0x13, 0xef, 0xff, 0xb5, 0x93, 0x9d, 0xff, 0xa8, 0x98, 0x99, 0x64, 0x46,
	0x00, 0x00, 0x5d, 0x94, 0x10, 0x00, 0x00, 0xa3, 0x62, 0x00, 0x03, 0x06, 0x00, 0x05, 0x05, 0x00,
	0x01, 0x13, 0x0b, 0x00, 0x17, 0x1e, 0x00, 0x63, 0x5d, 0x00, 0x05, 0x05, 0x04, 0x08, 0x13, 0x0f,
	0x05, 0x01, 0x01, 0x04, 0x0f, 0x0e, 0x04, 0x05, 0x06, 0x05, 0x0a, 0x11, 0x10, 0x04, 0x06, 0x05,
	0x0d, 0x07, 0x06, 0x06, 0x06, 0x05, 0x00, 0x00, 0x12, 0x0d, 0x07, 0x05, 0x04, 0x62, 0x0e, 0x03,
	0x04, 0x04, 0x00, 0x5d, 0x94, 0x13, 0x25, 0x9d, 0x00, 0x00, 0x00, 0x00, 0x00, 0x00, 0x05, 0x13,
	0xee, 0xff, 0xb0, 0xcf, 0xee, 0x8d, 0x98, 0x9b, 0x97, 0x2f, 0x33, 0x00, 0x13, 0xef, 0xff, 0xb5,
	0x93, 0x9c, 0xff, 0xac, 0x98, 0x96, 0x2e, 0x33, 0x00, 0x00, 0x5d, 0x94, 0x10, 0x00, 0x00, 0x89,
	0x29, 0x00, 0x00, 0x05, 0x00, 0x05, 0x05, 0x00, 0x01, 0x13, 0x0b, 0x03, 0x01, 0x03, 0x00, 0x4a,
	0x46, 0x00, 0x05, 0x05, 0x04, 0x08, 0x13, 0x0f, 0x04, 0x04, 0x04, 0x04, 0x0b, 0x0a, 0x04, 0x05,
	0x06, 0x05, 0x0a, 0x11, 0x10, 0x05, 0x06, 0x06, 0x09, 0x06, 0x06, 0x06, 0x06, 0x05, 0x00, 0x00,
	0x12, 0x0c, 0x00, 0x06, 0x03, 0x45, 0x0a, 0x03, 0x04, 0x04, 0x00, 0x5d, 0x94, 0x13, 0x24, 0x4b,
	0x00, 0x00, 0x00, 0x00, 0x03, 0x00, 0x05, 0x13, 0xee, 0xff, 0xb0, 0xd0, 0xec, 0x8c, 0x99, 0x9b,
	0x78, 0x0d, 0x24, 0x01, 0x13, 0xef, 0xff, 0xb5, 0x93, 0x9d, 0xff, 0xa6, 0x99, 0x77, 0x0d, 0x26,
	0x01, 0x00, 0x5d, 0x94, 0x10, 0x00, 0x00, 0x4e, 0x02, 0x00, 0x00, 0x06, 0x00, 0x05, 0x05, 0x00,
	0x01, 0x13, 0x0b, 0x03, 0x00, 0x04, 0x00, 0x35, 0x32, 0x00, 0x05, 0x05, 0x04, 0x08, 0x13, 0x0f,
	0x04, 0x05, 0x05, 0x04, 0x07, 0x07, 0x04, 0x05, 0x06, 0x05, 0x0a, 0x11, 0x10, 0x05, 0x06, 0x06,
	0x07, 0x06, 0x06, 0x06, 0x06, 0x05, 0x00, 0x00, 0x11, 0x0c, 0x02, 0x05, 0x03, 0x2c, 0x07, 0x04,
	0x04, 0x04, 0x00, 0x5d, 0x94, 0x15, 0x16, 0x10, 0x00, 0x00, 0x00, 0x00, 0x04, 0x02, 0x04, 0x13,
	0xee, 0xff, 0xb0, 0xce, 0xcf, 0x8f, 0x9a, 0x9b, 0x47, 0x03, 0x18, 0x02, 0x13, 0xef, 0xff, 0xb5,
	0x94, 0xa3, 0xe5, 0x9a, 0x9a, 0x46, 0x02, 0x18, 0x02, 0x00, 0x5d, 0x94, 0x10, 0x00, 0x00, 0x17,
	0x00, 0x00, 0x00, 0x05, 0x02, 0x04, 0x05, 0x00, 0x01, 0x13, 0x0b, 0x03, 0x01, 0x05, 0x01, 0x23,
	0x21, 0x01, 0x05, 0x05, 0x04, 0x08, 0x13, 0x0f, 0x04, 0x05, 0x05, 0x05, 0x06, 0x06, 0x05, 0x05,
	0x06, 0x05, 0x0a, 0x11, 0x10, 0x05, 0x06, 0x06, 0x06, 0x06, 0x06, 0x06, 0x06, 0x05, 0x00, 0x00,
	0x11, 0x0f, 0x04, 0x05, 0x04, 0x19, 0x06, 0x04, 0x04, 0x04, 0x00, 0x5d, 0x94, 0x17, 0x04, 0x00,
	0x00, 0x00, 0x00, 0x02, 0x04, 0x03, 0x04, 0x13, 0xee, 0xff, 0xb3, 0xba, 0xa6, 0x97, 0x9b, 0x96,
	0x1a, 0x03, 0x0e, 0x03, 0x13, 0xef, 0xff, 0xb5, 0x96, 0xa5, 0xb5, 0x97, 0x96, 0x19, 0x03, 0x0e,
	0x03, 0x00, 0x5d, 0x94, 0x10, 0x00, 0x00, 0x00, 0x00, 0x00, 0x02, 0x05, 0x03, 0x04, 0x05, 0x00,
	0x01, 0x13, 0x0b, 0x03, 0x04, 0x05, 0x03, 0x15, 0x15, 0x03, 0x05, 0x05, 0x04, 0x08, 0x13, 0x0f,
	0x04, 0x05, 0x05, 0x05, 0x05, 0x05, 0x05, 0x05, 0x06, 0x05, 0x0a, 0x11, 0x10, 0x05, 0x06, 0x06,
	0x06, 0x06, 0x06, 0x06, 0x06, 0x05, 0x00, 0x00, 0x11, 0x0f, 0x04, 0x04, 0x04, 0x0e, 0x05, 0x04,
	0x04, 0x04, 0x00, 0x5d, 0x94, 0x18, 0x00, 0x00, 0x00, 0x00, 0x00, 0x04, 0x04, 0x03, 0x04, 0x13,
	0xee, 0xff, 0xb5, 0xa2, 0x9b, 0x9a, 0x9b, 0x75, 0x01, 0x05, 0x08, 0x03, 0x13, 0xef, 0xff, 0xb4,
	0x99, 0x9d, 0x9d, 0x9a, 0x74, 0x01, 0x05, 0x08, 0x03, 0x00, 0x5d, 0x94, 0x10, 0x00, 0x00, 0x00,
	0x00, 0x00, 0x04, 0x04, 0x03, 0x04, 0x05, 0x00, 0x01, 0x13, 0x0b, 0x04, 0x05, 0x05, 0x04, 0x0d,
	0x0c, 0x04, 0x05, 0x05, 0x04, 0x08, 0x13, 0x0f, 0x04, 0x05, 0x05, 0x05, 0x05, 0x05, 0x05, 0x05,
	0x06, 0x05, 0x0a, 0x11, 0x10, 0x05, 0x06, 0x06, 0x06, 0x06, 0x06, 0x06, 0x06, 0x05, 0x00, 0x00,
	0x11, 0x0f, 0x04, 0x04, 0x04, 0x08, 0x05, 0x04, 0x04, 0x04, 0x00, 0x5d, 0x94, 0x18, 0x00, 0x00,
	0x00, 0x00, 0x00, 0x05, 0x04, 0x04, 0x04, 0x13, 0xee, 0xff, 0xb6, 0x9a, 0x9a, 0x9a, 0x9b, 0x43,
	0x00, 0x04, 0x05, 0x03, 0x13, 0xef, 0xff, 0xb4, 0x9a, 0x99, 0x9a, 0x9a, 0x43, 0x00, 0x04, 0x05,
	0x03, 0x00, 0x5d, 0x94, 0x10, 0x00, 0x00, 0x00, 0x00, 0x00, 0x05, 0x04, 0x04, 0x04, 0x05, 0x00,
	0x01, 0x13, 0x0b, 0x04, 0x05, 0x05, 0x04, 0x08, 0x08, 0x04, 0x05, 0x05, 0x04, 0x08, 0x13, 0x0f,
	0x04, 0x05, 0x05, 0x05, 0x05, 0x05, 0x05, 0x05, 0x06, 0x05, 0x0a, 0x11, 0x10, 0x05, 0x06, 0x06,
	0x06, 0x06, 0x06, 0x06, 0x06, 0x05, 0x00, 0x00, 0x11, 0x0f, 0x04, 0x04, 0x04, 0x05, 0x04, 0x04,
	0x04, 0x04, 0x00, 0x5d, 0x94, 0x18, 0x00, 0x00, 0x00, 0x00, 0x02, 0x05, 0x04, 0x04, 0x04, 0x13,
	0xee, 0xff, 0xb6, 0x9a, 0x9a, 0x9b, 0x95, 0x17, 0x00, 0x04, 0x04, 0x04, 0x13, 0xef, 0xff, 0xb4,
	0x9a, 0x99, 0x9a, 0x94, 0x17, 0x00, 0x04, 0x04, 0x04, 0x00, 0x5d, 0x94, 0x10, 0x00, 0x00, 0x00,
	0x00, 0x02, 0x05, 0x04, 0x04, 0x04, 0x05, 0x00, 0x01, 0x13, 0x0b, 0x04, 0x05, 0x05, 0x05, 0x05,
	0x05, 0x05, 0x05, 0x05, 0x04, 0x08, 0x13, 0x0f, 0x04, 0x05, 0x05, 0x05, 0x05, 0x05, 0x05, 0x05,
	0x06, 0x05, 0x0a, 0x11, 0x10, 0x05, 0x06, 0x06, 0x06, 0x06, 0x06, 0x06, 0x06, 0x05, 0x00, 0x00,
	0x11, 0x0f, 0x04, 0x04, 0x04, 0x04, 0x04, 0x04, 0x04, 0x04, 0x00, 0x5d, 0x94, 0x18, 0x00, 0x00,
	0x00, 0x00, 0x04, 0x04, 0x04, 0x04, 0x04, 0x13, 0xee, 0xff, 0xb6, 0x9a, 0x9a, 0x9b, 0x71, 0x00,
	0x03, 0x04, 0x04, 0x04, 0x13, 0xef, 0xff, 0xb4, 0x9a, 0x99, 0x9b, 0x71, 0x00, 0x03, 0x04, 0x04,
	0x04, 0x00, 0x5d, 0x94, 0x10, 0x00, 0x00, 0x00, 0x00, 0x04, 0x04, 0x04, 0x04, 0x04, 0x05, 0x00,
	0x01, 0x13, 0x0b, 0x04, 0x05, 0x05, 0x05, 0x05, 0x05, 0x05, 0x05, 0x05, 0x04, 0x08, 0x13, 0x0f,
	0x04, 0x05, 0x05, 0x05, 0x05, 0x05, 0x05, 0x05, 0x06, 0x05, 0x0a, 0x11, 0x10, 0x05, 0x06, 0x06,
	0x06, 0x06, 0x06, 0x06, 0x06, 0x05, 0x00, 0x00, 0x11, 0x0f, 0x04, 0x04, 0x04, 0x04, 0x04, 0x04,
	0x04, 0x04, 0x00, 0x5d, 0x94, 0x18, 0x00, 0x00, 0x00, 0x00, 0x05, 0x04, 0x04, 0x04, 0x04, 0x13,
	0xee, 0xff, 0xb6, 0x9a, 0x9a, 0x9b, 0x40, 0x00, 0x04, 0x04, 0x04, 0x04, 0x13, 0xef, 0xff, 0xb4,
	0x9a, 0x9a, 0x9a, 0x3f, 0x00, 0x04, 0x04, 0x04, 0x04, 0x00, 0x5d, 0x95, 0x10, 0x00, 0x00, 0x00,
	0x00, 0x05, 0x04, 0x04, 0x04, 0x04, 0x05, 0x00, 0x01, 0x13, 0x0b, 0x04, 0x05, 0x05, 0x05, 0x05,
	0x05, 0x05, 0x05, 0x05, 0x04, 0x08, 0x13, 0x0f, 0x04, 0x05, 0x05, 0x05, 0x05, 0x05, 0x05, 0x05,
	0x06, 0x05, 0x0a, 0x11, 0x10, 0x05, 0x06, 0x06, 0x06, 0x06, 0x06, 0x06, 0x06, 0x05, 0x00, 0x00,
	0x11, 0x0f, 0x04, 0x04, 0x04, 0x04, 0x04, 0x04, 0x04, 0x04, 0x00, 0x5e, 0x94, 0x18, 0x00, 0x00,
	0x00, 0x02, 0x05, 0x04, 0x04, 0x04, 0x04, 0x13, 0xef, 0xff, 0xb6, 0x9a, 0x9a, 0x94, 0x14, 0x01,
	0x04, 0x04, 0x04, 0x04, 0x13, 0xef, 0xff, 0xb4, 0x9a, 0x9a, 0x93, 0x14, 0x01, 0x04, 0x04, 0x04,
	0x04, 0x00, 0x5e, 0x95, 0x10, 0x00, 0x00, 0x00, 0x02, 0x05, 0x04, 0x04, 0x04, 0x04, 0x05, 0x00,
	0x01, 0x13, 0x0b, 0x04, 0x05, 0x05, 0x05, 0x05, 0x05, 0x05, 0x05, 0x05, 0x04, 0x08, 0x13, 0x0f,
	0x04, 0x05, 0x05, 0x05, 0x05, 0x05, 0x05, 0x05, 0x06, 0x05, 0x0a, 0x11, 0x10, 0x05, 0x06, 0x06,
	0x06, 0x06, 0x06, 0x06, 0x06, 0x05, 0x00, 0x00, 0x11, 0x0f, 0x04, 0x04, 0x04, 0x04, 0x04, 0x04,
	0x04, 0x04, 0x00, 0x63, 0x9b, 0x1a, 0x00, 0x00, 0x00, 0x05, 0x04, 0x04, 0x04, 0x04, 0x04, 0x15,
	0xf2, 0xff, 0xb8, 0x9a, 0x9b, 0x6e, 0x00, 0x03, 0x04, 0x04, 0x04, 0x04, 0x15, 0xf3, 0xff, 0xb6,
	0x9a, 0x9a, 0x6d, 0x00, 0x03, 0x04, 0x04, 0x04, 0x04, 0x00, 0x62, 0x9a, 0x12, 0x00, 0x00, 0x00,
	0x05, 0x04, 0x04, 0x04, 0x04, 0x04, 0x05, 0x00, 0x02, 0x13, 0x0b, 0x04, 0x05, 0x05, 0x05, 0x05,
	0x05, 0x05, 0x05, 0x05, 0x04, 0x08, 0x13, 0x0f, 0x04, 0x05, 0x05, 0x05, 0x05, 0x05, 0x05, 0x05,
	0x06, 0x05, 0x0a, 0x10, 0x10, 0x05, 0x06, 0x06, 0x06, 0x06, 0x06, 0x06, 0x06, 0x05, 0x00, 0x01,
	0x11, 0x10, 0x04, 0x04, 0x04, 0x04, 0x04, 0x04, 0x04, 0x04, 0x00, 0x6a, 0xa2, 0x1d, 0x00, 0x00,
	0x00, 0x05, 0x04, 0x04, 0x04, 0x04, 0x04, 0x18, 0xf7, 0xff, 0xbb, 0x99, 0x9a, 0x3b, 0x00, 0x04,
	0x04, 0x04, 0x04, 0x04, 0x19, 0xf7, 0xff, 0xb9, 0x99, 0x99, 0x3b, 0x00, 0x04, 0x04, 0x04, 0x04,
	0x04, 0x00, 0x6a, 0xa1, 0x16, 0x00, 0x00, 0x00, 0x05, 0x04, 0x04, 0x04, 0x04, 0x04, 0x05, 0x00,
	0x03, 0x12, 0x0b, 0x04, 0x05, 0x05, 0x05, 0x05, 0x05, 0x05, 0x05, 0x05, 0x04, 0x08, 0x13, 0x0f,
	0x04, 0x05, 0x05, 0x05, 0x05, 0x05, 0x05, 0x05, 0x06, 0x05, 0x0a, 0x10, 0x10, 0x05, 0x06, 0x06,
	0x06, 0x06, 0x06, 0x06, 0x06, 0x05, 0x00, 0x03, 0x10, 0x0f, 0x04, 0x04, 0x04, 0x04, 0x04, 0x04,
	0x04, 0x04, 0x00, 0x71, 0xab, 0x20, 0x00, 0x00, 0x03, 0x05, 0x04, 0x04, 0x04, 0x04, 0x04, 0x1d,
	0xfb, 0xff, 0xbd, 0x99, 0x91, 0x11, 0x01, 0x04, 0x04, 0x04, 0x04, 0x04, 0x1c, 0xfb, 0xff, 0xbc,
	0x9a, 0x90, 0x11, 0x01, 0x04, 0x04, 0x04, 0x04, 0x04, 0x00, 0x72, 0xaa, 0x19, 0x00, 0x00, 0x03,
	0x05, 0x04, 0x04, 0x04, 0x04, 0x04, 0x04, 0x00, 0x04, 0x12, 0x0b, 0x04, 0x05, 0x05, 0x05, 0x05,
	0x05, 0x05, 0x05, 0x05, 0x04, 0x08, 0x13, 0x0f, 0x04, 0x05, 0x05, 0x05, 0x05, 0x05, 0x05, 0x05,
	0x06, 0x05, 0x0a, 0x10, 0x10, 0x05, 0x06, 0x06, 0x06, 0x06, 0x06, 0x06, 0x06, 0x04, 0x00, 0x04,
	0x10, 0x10, 0x04, 0x04, 0x04, 0x04, 0x04, 0x04, 0x04, 0x04, 0x00, 0x7d, 0xb3, 0x24, 0x00, 0x00,
	0x05, 0x04, 0x04, 0x04, 0x04, 0x04, 0x04, 0x22, 0xff, 0xff, 0xc1, 0x99, 0x69, 0x00, 0x03, 0x04,
	0x04, 0x04, 0x04, 0x04, 0x22, 0xff, 0xff, 0xc0, 0x99, 0x69, 0x00, 0x03, 0x04, 0x04, 0x04, 0x04,
	0x04, 0x00, 0x7d, 0xb4, 0x1f, 0x00, 0x00, 0x05, 0x04, 0x04, 0x04, 0x04, 0x04, 0x04, 0x04, 0x00,
	0x05, 0x11, 0x0b, 0x04, 0x05, 0x05, 0x05, 0x05, 0x05, 0x05, 0x05, 0x05, 0x04, 0x07, 0x13, 0x0f,
	0x04, 0x05, 0x05, 0x05, 0x05, 0x05, 0x05, 0x05, 0x06, 0x05, 0x0a, 0x10, 0x10, 0x05, 0x06, 0x06,
	0x06, 0x06, 0x06, 0x06, 0x06, 0x04, 0x00, 0x06, 0x0f, 0x10, 0x04, 0x04, 0x04, 0x04, 0x04, 0x04,
	0x04, 0x04, 0x00, 0x87, 0xbe, 0x2a, 0x00, 0x00, 0x05, 0x04, 0x04, 0x04, 0x04, 0x04, 0x04, 0x28,
	0xff, 0xff, 0xc4, 0x98, 0x36, 0x00, 0x04, 0x04, 0x04, 0x04, 0x04, 0x04, 0x28, 0xff, 0xff, 0xc4,
	0x98, 0x36, 0x00, 0x04, 0x04, 0x04, 0x04, 0x04, 0x04, 0x00, 0x87, 0xbd, 0x24, 0x00, 0x00, 0x05,
	0x04, 0x04, 0x04, 0x04, 0x04, 0x04, 0x04, 0x00, 0x08, 0x11, 0x0b, 0x04, 0x05, 0x05, 0x05, 0x05,
	0x05, 0x05, 0x05, 0x05, 0x04, 0x07, 0x13, 0x0f, 0x04, 0x05, 0x05, 0x05, 0x05, 0x05, 0x05, 0x05,
	0x06, 0x05, 0x0a, 0x10, 0x10, 0x05, 0x06, 0x06, 0x06, 0x06, 0x06, 0x06, 0x06, 0x04, 0x00, 0x09,
	0x0f, 0x10, 0x04, 0x04, 0x04, 0x04, 0x04, 0x04, 0x04, 0x04, 0x02, 0x92, 0xc6, 0x2e, 0x00, 0x02,
	0x04, 0x04, 0x04, 0x04, 0x04, 0x04, 0x04, 0x2e, 0xff, 0xff, 0xca, 0x8c, 0x0f, 0x01, 0x04, 0x04,
	0x04, 0x04, 0x04, 0x04, 0x2f, 0xff, 0xff, 0xca, 0x8c, 0x0f, 0x01, 0x04, 0x04, 0x04, 0x04, 0x04,
	0x04, 0x02, 0x92, 0xc6, 0x29, 0x00, 0x02, 0x04, 0x04, 0x04, 0x04, 0x04, 0x04, 0x04, 0x04, 0x00,
	0x0a, 0x10, 0x0b, 0x04, 0x05, 0x05, 0x05, 0x05, 0x05, 0x05, 0x05, 0x05, 0x04, 0x07, 0x13, 0x0f,
	0x04, 0x05, 0x05, 0x05, 0x05, 0x05, 0x05, 0x05, 0x06, 0x04, 0x09, 0x10, 0x10, 0x05, 0x06, 0x06,
	0x06, 0x06, 0x06, 0x06, 0x06, 0x04, 0x01, 0x0c, 0x0e, 0x0f, 0x04, 0x04, 0x04, 0x04, 0x04, 0x04,
	0x04, 0x04, 0x03, 0x9c, 0xce, 0x33, 0x00, 0x04, 0x04, 0x04, 0x04, 0x04, 0x04, 0x04, 0x04, 0x33,
	0xff, 0xff, 0xce, 0x62, 0x00, 0x04, 0x04, 0x04, 0x04, 0x04, 0x04, 0x04, 0x34, 0xff, 0xff, 0xce,
	0x62, 0x00, 0x04, 0x04, 0x04, 0x04, 0x04, 0x04, 0x04, 0x03, 0x9c, 0xcf, 0x2e, 0x00, 0x04, 0x04,
	0x04, 0x04, 0x04, 0x04, 0x04, 0x04, 0x03, 0x00, 0x0e, 0x10, 0x0b, 0x04, 0x05, 0x05, 0x05, 0x05,
	0x05, 0x05, 0x05, 0x05, 0x03, 0x06, 0x13, 0x0f, 0x04, 0x05, 0x05, 0x05, 0x05, 0x05, 0x05, 0x05,
	0x06, 0x04, 0x09, 0x10, 0x10, 0x05, 0x06, 0x06, 0x06, 0x06, 0x06, 0x06, 0x06, 0x03, 0x02, 0x10,
	0x0e, 0x10, 0x04, 0x04, 0x04, 0x04, 0x04, 0x04, 0x04, 0x04, 0x05, 0xa5, 0xd6, 0x39, 0x00, 0x04,
	0x04, 0x04, 0x04, 0x04, 0x04, 0x04, 0x04, 0x3a, 0xff, 0xff, 0xd0, 0x2f, 0x00, 0x04, 0x04, 0x04,
	0x04, 0x04, 0x04, 0x04, 0x39, 0xff, 0xff, 0xd0, 0x30, 0x00, 0x04, 0x04, 0x04, 0x04, 0x04, 0x04,
	0x04, 0x04, 0xa3, 0xd4, 0x33, 0x00, 0x04, 0x04, 0x04, 0x04, 0x04, 0x04, 0x04, 0x04, 0x03, 0x01,
	0x10, 0x10, 0x0b, 0x04, 0x05, 0x05, 0x05, 0x05, 0x05, 0x05, 0x05, 0x05, 0x03, 0x06, 0x13, 0x0f,
	0x04, 0x05, 0x05, 0x05, 0x05, 0x05, 0x05, 0x05, 0x06, 0x04, 0x08, 0x11, 0x10, 0x05, 0x06, 0x06,
	0x06, 0x06, 0x06, 0x06, 0x06, 0x03, 0x04, 0x13, 0x0e, 0x10, 0x04, 0x04, 0x04, 0x04, 0x04, 0x04,
	0x04, 0x04, 0x06, 0xab, 0xda, 0x3c, 0x02, 0x03, 0x04, 0x04, 0x04, 0x04, 0x04, 0x04, 0x04, 0x3e,
	0xff, 0xff, 0xc1, 0x0c, 0x01, 0x04, 0x04, 0x04, 0x04, 0x04, 0x04, 0x04, 0x3e, 0xff, 0xff, 0xc1,
	0x0d, 0x01, 0x04, 0x04, 0x04, 0x04, 0x04, 0x04, 0x04, 0x06, 0xaa, 0xda, 0x38, 0x03, 0x03, 0x04,
	0x04, 0x04, 0x04, 0x04, 0x04, 0x04, 0x02, 0x03, 0x13, 0x0f, 0x0b, 0x04, 0x05, 0x05, 0x05, 0x05,
	0x05, 0x05, 0x05, 0x05, 0x03, 0x06, 0x13, 0x0f, 0x04, 0x05, 0x05, 0x05, 0x05, 0x05, 0x05, 0x05,
	0x06, 0x04, 0x08, 0x11, 0x10, 0x05, 0x06, 0x06, 0x06, 0x06, 0x06, 0x06, 0x06, 0x02, 0x04, 0x14,
	0x0d, 0x0f, 0x04, 0x04, 0x04, 0x04, 0x04, 0x04, 0x04, 0x04, 0x07, 0xae, 0xdd, 0x42, 0x04, 0x02,
	0x04, 0x04, 0x04, 0x04, 0x04, 0x04, 0x04, 0x40, 0xff, 0xff, 0xa1, 0x00, 0x02, 0x04, 0x04, 0x04,
	0x04, 0x04, 0x04, 0x04, 0x41, 0xff, 0xff, 0xa2, 0x00, 0x03, 0x04, 0x04, 0x04, 0x04, 0x04, 0x04,
	0x04, 0x07, 0xaf, 0xdd, 0x3d, 0x04, 0x03, 0x04, 0x04, 0x04, 0x04, 0x04, 0x04, 0x04, 0x02, 0x04,
	0x15, 0x0f, 0x0b, 0x04, 0x05, 0x05, 0x05, 0x05, 0x05, 0x05, 0x05, 0x05, 0x03, 0x05, 0x13, 0x0f,
	0x04, 0x05, 0x05, 0x05, 0x05, 0x05, 0x05, 0x05, 0x06, 0x04, 0x08, 0x11, 0x10, 0x05, 0x06, 0x06,
	0x06, 0x06, 0x06, 0x06, 0x06, 0x02, 0x04, 0x14, 0x0d, 0x0f, 0x04, 0x04, 0x04, 0x04, 0x04, 0x04,
	0x04, 0x04, 0x08, 0xae, 0xdd, 0x42, 0x04, 0x02, 0x04, 0x04, 0x04, 0x04, 0x04, 0x04, 0x04, 0x40,
	0xff, 0xff, 0xa0, 0x00, 0x03, 0x04, 0x04, 0x04, 0x04, 0x04, 0x04, 0x04, 0x41, 0xff, 0xff, 0xa2,
	0x00, 0x03, 0x04, 0x04, 0x04, 0x04, 0x04, 0x04, 0x04, 0x07, 0xaf, 0xdd, 0x3d, 0x05, 0x03, 0x04,
	0x04, 0x04, 0x04, 0x04, 0x04, 0x04, 0x02, 0x04, 0x15, 0x0f, 0x0b, 0x04, 0x05, 0x05, 0x05, 0x05,
	0x05, 0x05, 0x05, 0x05, 0x03, 0x05, 0x13, 0x0f, 0x04, 0x05, 0x05, 0x05, 0x05, 0x05, 0x05, 0x05,
	0x06, 0x04, 0x09, 0x11, 0x10, 0x05, 0x06, 0x06, 0x06, 0x06, 0x06, 0x06, 0x06, 0x03, 0x03, 0x12,
	0x0e, 0x0f, 0x04, 0x04, 0x04, 0x04, 0x04, 0x04, 0x04, 0x04, 0x05, 0xa7, 0xd8, 0x3f, 0x05, 0x02,
	0x04, 0x04, 0x04, 0x04, 0x04, 0x04, 0x04, 0x3a, 0xff, 0xff, 0x9c, 0x00, 0x03, 0x04, 0x04, 0x04,
	0x04, 0x04, 0x04, 0x04, 0x3b, 0xff, 0xff, 0x9c, 0x00, 0x03, 0x04, 0x04, 0x04, 0x04, 0x04, 0x04,
	0x04, 0x06, 0xa7, 0xd7, 0x3a, 0x05, 0x03, 0x04, 0x04, 0x04, 0x04, 0x04, 0x04, 0x04, 0x03, 0x02,
	0x12, 0x10, 0x0b, 0x04, 0x05, 0x05, 0x05, 0x05, 0x05, 0x05, 0x05, 0x05, 0x03, 0x06, 0x13, 0x0f,
	0x04, 0x05, 0x05, 0x05, 0x05, 0x05, 0x05, 0x05, 0x06, 0x04, 0x09, 0x10, 0x10, 0x05, 0x06, 0x06,
	0x06, 0x06, 0x06, 0x06, 0x06, 0x04, 0x01, 0x0d, 0x0e, 0x0f, 0x04, 0x04, 0x04, 0x04, 0x04, 0x04,
	0x04, 0x04, 0x03, 0x9c, 0xcf, 0x38, 0x06, 0x02, 0x04, 0x04, 0x04, 0x04, 0x04, 0x04, 0x04, 0x33,
	0xff, 0xff, 0x94, 0x00, 0x03, 0x04, 0x04, 0x04, 0x04, 0x04, 0x04, 0x04, 0x33, 0xff, 0xff, 0x93,
	0x00, 0x03, 0x04, 0x04, 0x04, 0x04, 0x04, 0x04, 0x04, 0x03, 0x9c, 0xcf, 0x33, 0x06, 0x03, 0x04,
	0x04, 0x04, 0x04, 0x04, 0x04, 0x04, 0x03, 0x00, 0x0e, 0x10, 0x0b, 0x04, 0x05, 0x05, 0x05, 0x05,
	0x05, 0x05, 0x05, 0x05, 0x03, 0x06, 0x13, 0x0f, 0x04, 0x05, 0x05, 0x05, 0x05, 0x05, 0x05, 0x05,
	0x06, 0x05, 0x0a, 0x10, 0x10, 0x05, 0x06, 0x06, 0x06, 0x06, 0x06, 0x06, 0x06, 0x04, 0x00, 0x07,
	0x0f, 0x0f, 0x04, 0x04, 0x04, 0x04, 0x04, 0x04, 0x04, 0x04, 0x00, 0x89, 0xbf, 0x2e, 0x07, 0x02,
	0x04, 0x04, 0x04, 0x04, 0x04, 0x04, 0x04, 0x28, 0xff, 0xff, 0x85, 0x00, 0x03, 0x04, 0x04, 0x04,
	0x04, 0x04, 0x04, 0x04, 0x28, 0xff, 0xff, 0x85, 0x00, 0x03, 0x04, 0x04, 0x04, 0x04, 0x04, 0x04,
	0x04, 0x00, 0x89, 0xbe, 0x29, 0x07, 0x03, 0x04, 0x04, 0x04, 0x04, 0x04, 0x04, 0x04, 0x04, 0x00,
	0x08, 0x11, 0x0b, 0x04, 0x05, 0x05, 0x05, 0x05, 0x05, 0x05, 0x05, 0x05, 0x04, 0x07, 0x13, 0x0f,
	0x04, 0x05, 0x05, 0x05, 0x05, 0x05, 0x05, 0x05, 0x06, 0x05, 0x0a, 0x10, 0x10, 0x05, 0x06, 0x06,
	0x06, 0x06, 0x06, 0x06, 0x06, 0x05, 0x00, 0x02, 0x0f, 0x0f, 0x04, 0x04, 0x04, 0x04, 0x04, 0x04,
	0x04, 0x04, 0x00, 0x73, 0xaa, 0x26, 0x08, 0x02, 0x04, 0x04, 0x04, 0x04, 0x04, 0x04, 0x04, 0x1d,
	0xfa, 0xff, 0x75, 0x00, 0x03, 0x04, 0x04, 0x04, 0x04, 0x04, 0x04, 0x04, 0x1c, 0xfa, 0xff, 0x74,
	0x00, 0x03, 0x04, 0x04, 0x04, 0x04, 0x04, 0x04, 0x04, 0x00, 0x72, 0xa9, 0x1f, 0x08, 0x03, 0x04,
	0x04, 0x04, 0x04, 0x04, 0x04, 0x04, 0x05, 0x00, 0x03, 0x12, 0x0b, 0x04, 0x05, 0x05, 0x05, 0x05,
	0x05, 0x05, 0x05, 0x05, 0x04, 0x08, 0x13, 0x0f, 0x04, 0x05, 0x05, 0x05, 0x05, 0x05, 0x05, 0x05,
	0x06, 0x05, 0x0a, 0x10, 0x10, 0x05, 0x06, 0x06, 0x06, 0x06, 0x06, 0x06, 0x06, 0x05, 0x00, 0x00,
	0x11, 0x0f, 0x04, 0x04, 0x04, 0x04, 0x04, 0x04, 0x04, 0x04, 0x00, 0x59, 0x90, 0x1d, 0x09, 0x02,
	0x04, 0x04, 0x04, 0x04, 0x04, 0x04, 0x04, 0x11, 0xed, 0xff, 0x61, 0x00, 0x03, 0x04, 0x04, 0x04,
	0x04, 0x04, 0x04, 0x04, 0x11, 0xed, 0xff, 0x61, 0x00, 0x03, 0x04, 0x04, 0x04, 0x04, 0x04, 0x04,
	0x04, 0x00, 0x59, 0x90, 0x17, 0x09, 0x03, 0x04, 0x04, 0x04, 0x04, 0x04, 0x04, 0x04, 0x05, 0x00,
	0x01, 0x13, 0x0b, 0x04, 0x05, 0x05, 0x05, 0x05, 0x05, 0x05, 0x05, 0x05, 0x04, 0x08, 0x13, 0x0f,
	0x04, 0x05, 0x05, 0x05, 0x05, 0x05, 0x05, 0x05, 0x06, 0x05, 0x0a, 0x10, 0x10, 0x05, 0x06, 0x06,
	0x06, 0x06, 0x06, 0x06, 0x06, 0x06, 0x00, 0x00, 0x12, 0x0f, 0x04, 0x04, 0x04, 0x04, 0x04, 0x04,
	0x04, 0x04, 0x00, 0x40, 0x71, 0x18, 0x0a, 0x02, 0x04, 0x04, 0x04, 0x04, 0x04, 0x04, 0x04, 0x06,
	0xda, 0xff, 0x4e, 0x02, 0x03, 0x04, 0x04, 0x04, 0x04, 0x04, 0x04, 0x04, 0x07, 0xda, 0xff, 0x4d,
	0x00, 0x03, 0x04, 0x04, 0x04, 0x04, 0x04, 0x04, 0x04, 0x00, 0x40, 0x71, 0x11, 0x0a, 0x03, 0x04,
	0x04, 0x04, 0x04, 0x04, 0x04, 0x04, 0x05, 0x00, 0x01, 0x14, 0x0b, 0x04, 0x05, 0x05, 0x05, 0x05,
	0x05, 0x05, 0x05, 0x05, 0x04, 0x08, 0x13, 0x0f, 0x04, 0x05, 0x05, 0x05, 0x05, 0x05, 0x05, 0x05,
	0x06, 0x05, 0x0a, 0x10, 0x10, 0x05, 0x06, 0x06, 0x06, 0x06, 0x06, 0x06, 0x06, 0x06, 0x00, 0x01,
	0x13, 0x0f, 0x04, 0x04, 0x04, 0x04, 0x04, 0x04, 0x04, 0x04, 0x00, 0x29, 0x51, 0x15, 0x0a, 0x02,
	0x04, 0x04, 0x04, 0x04, 0x04, 0x04, 0x04, 0x00, 0xc2, 0xff, 0x3a, 0x04, 0x02, 0x04, 0x04, 0x04,
	0x04, 0x04, 0x04, 0x04, 0x00, 0xc2, 0xff, 0x38, 0x03, 0x03, 0x04, 0x04, 0x04, 0x04, 0x04, 0x04,
	0x04, 0x00, 0x28, 0x50, 0x0d, 0x0b, 0x03, 0x04, 0x04, 0x04, 0x04, 0x04, 0x04, 0x04, 0x05, 0x00,
	0x03, 0x15, 0x0a, 0x04, 0x05, 0x05, 0x05, 0x05, 0x05, 0x05, 0x05, 0x05, 0x04, 0x08, 0x13, 0x0f,
	0x04, 0x05, 0x05, 0x05, 0x05, 0x05, 0x05, 0x05, 0x06, 0x05, 0x0a, 0x10, 0x10, 0x05, 0x06, 0x06,
	0x06, 0x06, 0x06, 0x06, 0x06, 0x06, 0x01, 0x03, 0x13, 0x0f, 0x04, 0x04, 0x04, 0x04, 0x04, 0x04,
	0x04, 0x04, 0x02, 0x16, 0x35, 0x15, 0x0a, 0x02, 0x04, 0x04, 0x04, 0x04, 0x04, 0x04, 0x04, 0x00,
	0xa5, 0xf7, 0x2a, 0x06, 0x02, 0x04, 0x04, 0x04, 0x04, 0x04, 0x04, 0x04, 0x00, 0xa6, 0xf5, 0x27,
	0x05, 0x03, 0x04, 0x04, 0x04, 0x04, 0x04, 0x04, 0x04, 0x02, 0x17, 0x33, 0x0b, 0x0b, 0x03, 0x04,
	0x04, 0x04, 0x04, 0x04, 0x04, 0x04, 0x05, 0x00, 0x05, 0x15, 0x0a, 0x04, 0x05, 0x05, 0x05, 0x05,
	0x05, 0x05, 0x05, 0x05, 0x04, 0x08, 0x13, 0x0f, 0x04, 0x05, 0x05, 0x05, 0x05, 0x05, 0x05, 0x05,
	0x06, 0x05, 0x0a, 0x10, 0x10, 0x05, 0x06, 0x06, 0x06, 0x06, 0x06, 0x06, 0x06, 0x05, 0x02, 0x06,
	0x12, 0x0f, 0x04, 0x04, 0x04, 0x04, 0x04, 0x04, 0x04, 0x04, 0x04, 0x0a, 0x1d, 0x14, 0x09, 0x02,
	0x04, 0x04, 0x04, 0x04, 0x04, 0x04, 0x04, 0x00, 0x87, 0xdf, 0x1c, 0x08, 0x02, 0x04, 0x04, 0x04,
	0x04, 0x04, 0x04, 0x04, 0x00, 0x88, 0xdd, 0x1a, 0x07, 0x03, 0x04, 0x04, 0x04, 0x04, 0x04, 0x04,
	0x04, 0x04, 0x0a, 0x1a, 0x0c, 0x0a, 0x03, 0x04, 0x04, 0x04, 0x04, 0x04, 0x04, 0x04, 0x05, 0x02,
	0x08, 0x15, 0x0a, 0x04, 0x05, 0x05, 0x05, 0x05, 0x05, 0x05, 0x05, 0x05, 0x04, 0x08, 0x13, 0x0f,
	0x04, 0x05, 0x05, 0x05, 0x05, 0x05, 0x05, 0x05, 0x06, 0x05, 0x0a, 0x10, 0x10, 0x05, 0x06, 0x06,
	0x06, 0x06, 0x06, 0x06, 0x06, 0x05, 0x03, 0x09, 0x13, 0x0f, 0x04, 0x04, 0x04, 0x04, 0x04, 0x04,
	0x04, 0x04, 0x04, 0x03, 0x0d, 0x16, 0x09, 0x02, 0x04, 0x04, 0x04, 0x04, 0x04, 0x04, 0x04, 0x00,
	0x69, 0xc1, 0x14, 0x09, 0x02, 0x04, 0x04, 0x04, 0x04, 0x04, 0x04, 0x04, 0x00, 0x68, 0xbe, 0x12,
	0x08, 0x03, 0x04, 0x04, 0x04, 0x04, 0x04, 0x04, 0x04, 0x04, 0x04, 0x0b, 0x0d, 0x0a, 0x03, 0x04,
	0x04, 0x04, 0x04, 0x04, 0x04, 0x04, 0x05, 0x03, 0x0a, 0x15, 0x0a, 0x04, 0x05, 0x05, 0x05, 0x05,
	0x05, 0x05, 0x05, 0x05, 0x04, 0x08, 0x13, 0x0f, 0x04, 0x05, 0x05, 0x05, 0x05, 0x05, 0x05, 0x05,
	0x06, 0x05, 0x0a, 0x10, 0x10, 0x05, 0x06, 0x06, 0x06, 0x06, 0x06, 0x06, 0x06, 0x05, 0x04, 0x0a,
	0x13, 0x0f, 0x04, 0x04, 0x04, 0x04, 0x04, 0x04, 0x04, 0x04, 0x05, 0x00, 0x06, 0x16, 0x09, 0x02,
	0x04, 0x04, 0x04, 0x04, 0x04, 0x04, 0x04, 0x00, 0x4d, 0x9b, 0x0f, 0x09, 0x02, 0x04, 0x04, 0x04,
	0x04, 0x04, 0x04, 0x04, 0x00, 0x4d, 0x9a, 0x0d, 0x09, 0x03, 0x04, 0x04, 0x04, 0x04, 0x04, 0x04,
	0x04, 0x05, 0x00, 0x03, 0x0e, 0x0a, 0x03, 0x04, 0x04, 0x04, 0x04, 0x04, 0x04, 0x04, 0x05, 0x04,
	0x0c, 0x15, 0x0a, 0x04, 0x05, 0x05, 0x05, 0x05, 0x05, 0x05, 0x05, 0x05, 0x04, 0x08, 0x13, 0x0f,
	0x04, 0x05, 0x05, 0x05, 0x05, 0x05, 0x05, 0x05, 0x06, 0x05, 0x0a, 0x10, 0x10, 0x05, 0x06, 0x06,
	0x06, 0x06, 0x06, 0x06, 0x06, 0x05, 0x04, 0x0a, 0x13, 0x0f, 0x04, 0x04, 0x04, 0x04, 0x04, 0x04,
	0x04, 0x04, 0x05, 0x00, 0x04, 0x17, 0x09, 0x02, 0x04, 0x04, 0x04, 0x04, 0x04, 0x04, 0x04, 0x00,
	0x35, 0x77, 0x0d, 0x0a, 0x02, 0x04, 0x04, 0x04, 0x04, 0x04, 0x04, 0x04, 0x00, 0x35, 0x75, 0x0c,
	0x09, 0x03, 0x04, 0x04, 0x04, 0x04, 0x04, 0x04, 0x04, 0x05, 0x00, 0x00, 0x0f, 0x0a, 0x03, 0x04,
	0x04, 0x04, 0x04, 0x04, 0x04, 0x04, 0x05, 0x04, 0x0c, 0x15, 0x0a, 0x04, 0x05, 0x05, 0x05, 0x05,
	0x05, 0x05, 0x05, 0x05, 0x04, 0x08, 0x13, 0x0f, 0x04, 0x05, 0x05, 0x05, 0x05, 0x05, 0x05, 0x05,
	0x06, 0x05, 0x0a, 0x10, 0x10, 0x05, 0x06, 0x06, 0x06, 0x06, 0x06, 0x06, 0x06, 0x04, 0x04, 0x0a,
	0x13, 0x0f, 0x04, 0x04, 0x04, 0x04, 0x04, 0x04, 0x04, 0x04, 0x05, 0x00, 0x05, 0x18, 0x09, 0x02,
	0x04, 0x04, 0x04, 0x04, 0x04, 0x04, 0x04, 0x00, 0x22, 0x53, 0x0e, 0x0a, 0x02, 0x04, 0x04, 0x04,
	0x04, 0x04, 0x04, 0x04, 0x00, 0x22, 0x52, 0x0d, 0x09, 0x03, 0x04, 0x04, 0x04, 0x04, 0x04, 0x04,
	0x04, 0x05, 0x01, 0x01, 0x0f, 0x0a, 0x03, 0x04, 0x04, 0x04, 0x04, 0x04, 0x04, 0x04, 0x05, 0x04,
	0x0c, 0x15, 0x0a, 0x04, 0x05, 0x05, 0x05, 0x05, 0x05, 0x05, 0x05, 0x05, 0x04, 0x08, 0x13, 0x0f,
	0x04, 0x05, 0x05, 0x05, 0x05, 0x05, 0x05, 0x05, 0x06, 0x05, 0x0a, 0x10, 0x10, 0x05, 0x06, 0x06,
	0x06, 0x06, 0x06, 0x06, 0x06, 0x04, 0x04, 0x0a, 0x13, 0x0f, 0x04, 0x04, 0x04, 0x04, 0x04, 0x04,
	0x04, 0x04, 0x05, 0x01, 0x07, 0x18, 0x09, 0x02, 0x04, 0x04, 0x04, 0x04, 0x04, 0x04, 0x04, 0x01,
	0x15, 0x36, 0x10, 0x0a, 0x02, 0x04, 0x04, 0x04, 0x04, 0x04, 0x04, 0x04, 0x01, 0x15, 0x35, 0x0f,
	0x09, 0x03, 0x04, 0x04, 0x04, 0x04, 0x04, 0x04, 0x04, 0x05, 0x02, 0x03, 0x0f, 0x0a, 0x03, 0x04,
	0x04, 0x04, 0x04, 0x04, 0x04, 0x04, 0x05, 0x04, 0x0c, 0x15, 0x0a, 0x04, 0x05, 0x05, 0x05, 0x05,
	0x05, 0x05, 0x05, 0x05, 0x04, 0x08, 0x13, 0x0f, 0x04, 0x05, 0x05, 0x05, 0x05, 0x05, 0x05, 0x05,
	0x06, 0x05, 0x0a, 0x10, 0x10, 0x05, 0x06, 0x06, 0x06, 0x06, 0x06, 0x06, 0x06, 0x04, 0x04, 0x0a,
	0x13, 0x0f, 0x04, 0x04, 0x04, 0x04, 0x04, 0x04, 0x04, 0x04, 0x04, 0x02, 0x09, 0x17, 0x09, 0x02,
	0x04, 0x04, 0x04, 0x04, 0x04, 0x04, 0x04, 0x03, 0x0c, 0x21, 0x12, 0x0a, 0x02, 0x04, 0x04, 0x04,
	0x04, 0x04, 0x04, 0x04, 0x03, 0x0d, 0x21, 0x10, 0x09, 0x03, 0x04, 0x04, 0x04, 0x04, 0x04, 0x04,
	0x04, 0x04, 0x02, 0x05, 0x0e, 0x0a, 0x03, 0x04, 0x04, 0x04, 0x04, 0x04, 0x04, 0x04, 0x05, 0x04,
	0x0c, 0x15, 0x0a, 0x04, 0x05, 0x05, 0x05, 0x05, 0x05, 0x05, 0x05, 0x05, 0x04, 0x08, 0x13, 0x0f,
	0x04, 0x05, 0x05, 0x05, 0x05, 0x05, 0x05, 0x05, 0x06, 0x05, 0x0a, 0x10, 0x10, 0x05, 0x06, 0x06,
	0x06, 0x06, 0x06, 0x06, 0x06, 0x04, 0x04, 0x0a, 0x13, 0x0f, 0x04, 0x04, 0x04, 0x04, 0x04, 0x04,
	0x04, 0x04, 0x04, 0x02, 0x0a, 0x17, 0x09, 0x02, 0x04, 0x04, 0x04, 0x04, 0x04, 0x04, 0x04, 0x03,
	0x07, 0x14, 0x13, 0x0a, 0x02, 0x04, 0x04, 0x04, 0x04, 0x04, 0x04, 0x04, 0x03, 0x07, 0x13, 0x12,
	0x09, 0x03, 0x04, 0x04, 0x04, 0x04, 0x04, 0x04, 0x04, 0x04, 0x03, 0x06, 0x0e, 0x0a, 0x03, 0x04,
	0x04, 0x04, 0x04, 0x04, 0x04, 0x04, 0x05, 0x04, 0x0c, 0x15, 0x0a, 0x04, 0x05, 0x05, 0x05, 0x05,
	0x05, 0x05, 0x05, 0x05, 0x04, 0x08, 0x13, 0x0f, 0x04, 0x05, 0x05, 0x05, 0x05, 0x05, 0x05, 0x05,
	0x06, 0x05, 0x0a, 0x10, 0x10, 0x05, 0x06, 0x06, 0x06, 0x06, 0x06, 0x06, 0x06, 0x04, 0x04, 0x0a,
	0x13, 0x0f, 0x04, 0x04, 0x04, 0x04, 0x04, 0x04, 0x04, 0x04, 0x04, 0x02, 0x0b, 0x16, 0x09, 0x02,
	0x04, 0x04, 0x04, 0x04, 0x04, 0x04, 0x04, 0x03, 0x05, 0x0d, 0x14, 0x0a, 0x02, 0x04, 0x04, 0x04,
	0x04, 0x04, 0x04, 0x04, 0x03, 0x04, 0x0b, 0x12, 0x09, 0x03, 0x04, 0x04, 0x04, 0x04, 0x04, 0x04,
	0x04, 0x04, 0x03, 0x07, 0x0e, 0x0a, 0x03, 0x04, 0x04, 0x04, 0x04, 0x04, 0x04, 0x04, 0x05, 0x04,
	0x0c, 0x15, 0x0a, 0x04, 0x05, 0x05, 0x05, 0x05, 0x05, 0x05, 0x05, 0x05, 0x04, 0x08, 0x13, 0x0f,
	0x04, 0x05, 0x05, 0x05, 0x05, 0x05, 0x05, 0x05, 0x06, 0x05, 0x0a, 0x10, 0x10, 0x05, 0x06, 0x06,
	0x06, 0x06, 0x06, 0x06, 0x06, 0x04, 0x04, 0x0a, 0x13, 0x0f, 0x04, 0x04, 0x04, 0x04, 0x04, 0x04,
	0x04, 0x04, 0x04, 0x02, 0x0b, 0x16, 0x09, 0x02, 0x04, 0x04, 0x04, 0x04, 0x04, 0x04, 0x04, 0x04,
	0x04, 0x0a, 0x14, 0x0a, 0x02, 0x04, 0x04, 0x04, 0x04, 0x04, 0x04, 0x04, 0x04, 0x03, 0x09, 0x13,
	0x09, 0x03, 0x04, 0x04, 0x04, 0x04, 0x04, 0x04, 0x04, 0x04, 0x03, 0x07, 0x0e, 0x0a, 0x03, 0x04,
	0x04, 0x04, 0x04, 0x04, 0x04, 0x04, 0x05, 0x04, 0x0c, 0x15, 0x0a, 0x04, 0x05, 0x05, 0x05, 0x05,
	0x05, 0x05, 0x05, 0x05, 0x04, 0x08, 0x13, 0x0f, 0x04, 0x05, 0x05, 0x05, 0x05, 0x05, 0x05, 0x05,
	0x06, 0x05, 0x0a, 0x10, 0x10, 0x05, 0x06, 0x06, 0x06, 0x06, 0x06, 0x06, 0x06, 0x04, 0x04, 0x0a,
	0x13, 0x0f, 0x04, 0x04, 0x04, 0x04, 0x04, 0x04, 0x04, 0x04, 0x04, 0x02, 0x0b, 0x16, 0x09, 0x02,
	0x04, 0x04, 0x04, 0x04, 0x04, 0x04, 0x04, 0x04, 0x03, 0x09, 0x14, 0x0a, 0x02, 0x04, 0x04, 0x04,
	0x04, 0x04, 0x04, 0x04, 0x04, 0x03, 0x08, 0x13, 0x09, 0x03, 0x04, 0x04, 0x04, 0x04, 0x04, 0x04,
	0x04, 0x04, 0x03, 0x07, 0x0e, 0x0a, 0x03, 0x04, 0x04, 0x04, 0x04, 0x04, 0x04, 0x04, 0x05, 0x04,
	0x0c, 0x15, 0x0a, 0x04, 0x05, 0x05, 0x05, 0x05, 0x05, 0x05, 0x05, 0x05, 0x04, 0x08, 0x13, 0x0f,
	0x04, 0x05, 0x05, 0x05, 0x05, 0x05, 0x05, 0x05, 0x06, 0x05, 0x0a, 0x10, 0x10, 0x05, 0x06, 0x06,
	0x06, 0x06, 0x06, 0x06, 0x06, 0x04, 0x04, 0x0a, 0x13, 0x0f, 0x04, 0x04, 0x04, 0x04, 0x04, 0x04,
	0x04, 0x04, 0x04, 0x02, 0x0b, 0x16, 0x09, 0x02, 0x04, 0x04, 0x04, 0x04, 0x04, 0x04, 0x04, 0x04,
	0x03, 0x09, 0x14, 0x0a, 0x02, 0x04, 0x04, 0x04, 0x04, 0x04, 0x04, 0x04, 0x04, 0x03, 0x08, 0x13,
	0x09, 0x03, 0x04, 0x04, 0x04, 0x04, 0x04, 0x04, 0x04, 0x04, 0x03, 0x07, 0x0e, 0x0a, 0x03, 0x04,
	0x04, 0x04, 0x04, 0x04, 0x04, 0x04, 0x05, 0x04, 0x0c, 0x15, 0x0a, 0x04, 0x05, 0x05, 0x05, 0x05,
	0x05, 0x05, 0x05, 0x05, 0x04, 0x08, 0x13, 0x0f, 0x04, 0x05, 0x05, 0x05, 0x05, 0x05, 0x05, 0x05,
	0x06, 0x05, 0x0a, 0x10, 0x10, 0x05, 0x06, 0x06, 0x06, 0x06, 0x06, 0x06, 0x06, 0x04, 0x04, 0x0a,
	0x13, 0x0f, 0x04, 0x04, 0x04, 0x04, 0x04, 0x04, 0x04, 0x04, 0x04, 0x02, 0x0b, 0x16, 0x09, 0x02,
	0x04, 0x04, 0x04, 0x04, 0x04, 0x04, 0x04, 0x04, 0x03, 0x09, 0x14, 0x0a, 0x02, 0x04, 0x04, 0x04,
	0x04, 0x04, 0x04, 0x04, 0x04, 0x03, 0x08, 0x13, 0x09, 0x03, 0x04, 0x04, 0x04, 0x04, 0x04, 0x04,
	0x04, 0x04, 0x03, 0x07, 0x0e, 0x0a, 0x03, 0x04, 0x04, 0x04, 0x04, 0x04, 0x04, 0x04, 0x05, 0x04,
	0x0c, 0x15, 0x0a, 0x04, 0x05, 0x05, 0x05, 0x05, 0x05, 0x05, 0x05, 0x05, 0x04, 0x08, 0x13, 0x0f,
	0x04, 0x05, 0x05, 0x05, 0x05, 0x05, 0x05, 0x05, 0x06, 0x05, 0x0a, 0x10, 0x10, 0x05, 0x06, 0x06,
	0x06, 0x06, 0x06, 0x06, 0x06, 0x04, 0x04, 0x0a, 0x13, 0x0f, 0x04, 0x04, 0x04, 0x04, 0x04, 0x04,
	0x04, 0x04, 0x04, 0x02, 0x0b, 0x16, 0x09, 0x02, 0x04, 0x04, 0x04, 0x04, 0x04, 0x04, 0x04, 0x04,
	0x03, 0x09, 0x14, 0x0a, 0x02, 0x04, 0x04, 0x04, 0x04, 0x04, 0x04, 0x04, 0x04, 0x03, 0x08, 0x13,
	0x09, 0x03, 0x04, 0x04, 0x04, 0x04, 0x04, 0x04, 0x04, 0x04, 0x03, 0x07, 0x0e, 0x0a, 0x03, 0x04,
	0x04, 0x04, 0x04, 0x04, 0x04, 0x04, 0x05, 0x04, 0x0c, 0x15, 0x0a, 0x04, 0x05, 0x05, 0x05, 0x05,
	0x05, 0x05, 0x05, 0x05, 0x04, 0x08, 0x13, 0x0f, 0x04, 0x05, 0x05, 0x05, 0x05, 0x05, 0x05, 0x05};
unsigned int usbanimation_raw_len = 29328;
